"Date","T_treatment","chamber_type","GPP","Ra","LA","GPP_SE","Ra_SE","LA_SE","RM","RM_SE","LM","WM","LM_SE","WM_SE","litter","litter_SE","TNC_tot","TNC_tot_SE","TNC_leaf","TNC_leaf_SE","TNC_wood","TNC_wood_SE","TNC_root","TNC_root_SE"
2014-02-18,"ambient","drought",46.660513594419,12.2617270200484,13.7067325075433,8.62368691857624,1.33910447734114,3.24544495538774,887.248539933893,326.162597986352,909.847554272384,1747.76247278934,286.819540298093,272.577502284903,0.048,0.0048,NA,NA,NA,NA,NA,NA,NA,NA
2014-02-18,"ambient","watered",55.1375107278591,13.5444538662104,14.1905864736208,8.10902448438333,1.42833438200911,1.78126646250274,817.117930991547,53.6552003339841,992.164566895414,2085.40034003487,178.167196922265,179.570924722307,0.048,0.0048,NA,NA,NA,NA,NA,NA,NA,NA
2014-02-18,"elevated","drought",53.5213549137698,13.0377781267185,20.3810372904485,5.90407587441086,2.17650703481404,3.25576488207056,838.677787354558,280.555901857028,1303.80274718047,2583.37591506223,189.48270487345,362.744553503317,0.048,0.0048,NA,NA,NA,NA,NA,NA,NA,NA
2014-02-18,"elevated","watered",59.2579061883216,15.1494908088023,19.8179759120131,11.0589658297437,2.75664786452071,2.29580708681573,1112.31540507488,284.543253996896,1222.8825490331,2613.67710028897,239.298734246515,417.198046737881,0.048,0.0048,NA,NA,NA,NA,NA,NA,NA,NA
2014-02-19,"ambient","drought",15.2248686261452,10.5618795216444,13.7614878962274,2.24287196170495,1.31965650909844,3.23069951909168,NA,NA,NA,NA,NA,NA,NA,NA,NA,NA,NA,NA,NA,NA,NA,NA
2014-02-19,"ambient","watered",13.5235990233023,11.6596622677516,14.2702782827893,2.14842388422521,1.62280373911056,1.80078610812241,NA,NA,NA,NA,NA,NA,NA,NA,NA,NA,NA,NA,NA,NA,NA,NA
2014-02-19,"elevated","drought",19.2016723864759,11.9310932537839,20.514823210647,1.52897277481893,2.01535702996845,3.30435244819002,NA,NA,NA,NA,NA,NA,NA,NA,NA,NA,NA,NA,NA,NA,NA,NA
2014-02-19,"elevated","watered",20.2598469317345,13.3030412137089,19.9019901045408,4.02198661513304,1.93166753468846,2.29329619003734,NA,NA,NA,NA,NA,NA,NA,NA,NA,NA,NA,NA,NA,NA,NA,NA
2014-02-20,"ambient","drought",42.8906776964006,10.8590924091201,13.8165491609061,8.60494205187977,1.42367841540906,3.21601304824536,NA,NA,NA,NA,NA,NA,NA,NA,267.039018436576,6.68071447507263,133.305379654421,3.33500019838436,56.0903584608307,1.40325437037316,77.643280321324,1.94245990631512
2014-02-20,"ambient","watered",58.5013845588113,10.9874723418738,14.3504946287979,12.0750047969686,1.58532944634971,1.82036170670515,NA,NA,NA,NA,NA,NA,NA,NA,285.115667191844,6.80673194058854,142.329208978348,3.39790788199568,59.8872781558989,1.42972377868097,82.899180057597,1.9791002799119
2014-02-20,"elevated","drought",40.4463671403409,11.2233739211932,20.6494406745605,8.86775363268915,1.75615945370776,3.3540822774758,NA,NA,NA,NA,NA,NA,NA,NA,400.498455883601,8.42089650239287,199.928081765524,4.20369581888905,84.1229198827954,1.7687718676698,116.447454235282,2.44842881583403
2014-02-20,"elevated","watered",49.6421562651358,13.3423041770472,19.9866010946892,6.1101782588396,2.29898577831933,2.29054859259764,NA,NA,NA,NA,NA,NA,NA,NA,397.310629386804,14.8594240355207,198.336724727455,7.41779674782465,83.4533311014888,3.121155947747,115.520573557861,4.32047133994906
2014-02-21,"ambient","drought",49.8344902838982,12.1918154647528,13.8719162746933,8.83141249842328,1.02464656665049,3.20138675716259,NA,NA,NA,NA,NA,NA,NA,NA,NA,NA,NA,NA,NA,NA,NA,NA
2014-02-21,"ambient","watered",69.9271737548686,12.8502510295511,14.4312354207648,13.7072295722703,2.00808089429051,1.83999422185274,NA,NA,NA,NA,NA,NA,NA,NA,NA,NA,NA,NA,NA,NA,NA,NA
2014-02-21,"elevated","drought",49.4572565929719,12.3876214920946,20.7848903908135,9.08913717716619,1.5352569438986,3.40492645336815,NA,NA,NA,NA,NA,NA,NA,NA,NA,NA,NA,NA,NA,NA,NA,NA
2014-02-21,"elevated","watered",64.3004021029803,14.8085176680815,20.071809039573,9.2578353289365,2.23642173372654,2.28756454632381,NA,NA,NA,NA,NA,NA,NA,NA,NA,NA,NA,NA,NA,NA,NA,NA
2014-02-22,"ambient","drought",45.610769517122,11.9937451706301,13.9275892109515,8.83154624400464,0.992504914139361,3.18682188599998,NA,NA,NA,NA,NA,NA,NA,NA,NA,NA,NA,NA,NA,NA,NA,NA
2014-02-22,"ambient","watered",63.6504098390773,13.4847718931736,14.5125005682512,10.9577353026298,1.79305610707429,1.85968472179302,NA,NA,NA,NA,NA,NA,NA,NA,NA,NA,NA,NA,NA,NA,NA,NA
2014-02-22,"elevated","drought",48.7729039534173,12.6816365200071,20.9211730657209,8.90960518183914,1.76093398860754,3.45685783580476,NA,NA,NA,NA,NA,NA,NA,NA,NA,NA,NA,NA,NA,NA,NA,NA
2014-02-22,"elevated","watered",60.3054206764206,14.9237441141598,20.1576140960988,9.37358538409145,2.60963452753801,2.28434432960331,NA,NA,NA,NA,NA,NA,NA,NA,NA,NA,NA,NA,NA,NA,NA,NA
2014-02-23,"ambient","drought",35.6421136993611,10.7303219506689,13.9835679432899,7.50594243899265,0.97880403681458,3.17231970114423,NA,NA,NA,NA,NA,NA,NA,NA,NA,NA,NA,NA,NA,NA,NA,NA
2014-02-23,"ambient","watered",46.7574666734654,11.1940579103423,14.5942899812585,7.22661690368077,1.93601229071293,1.87943437375984,NA,NA,NA,NA,NA,NA,NA,NA,NA,NA,NA,NA,NA,NA,NA,NA
2014-02-23,"elevated","drought",38.6345885391638,10.9879268187193,21.0582894033057,6.48049852891813,1.3923841720466,3.50985009061827,NA,NA,NA,NA,NA,NA,NA,NA,NA,NA,NA,NA,NA,NA,NA,NA
2014-02-23,"elevated","watered",45.9193778544398,13.279022702734,20.2440164209667,7.91320141671908,2.27275811083693,2.28088824800805,NA,NA,NA,NA,NA,NA,NA,NA,NA,NA,NA,NA,NA,NA,NA,NA
2014-02-24,"ambient","drought",41.138441596422,13.4400892067323,14.0398524455613,4.88550822442122,0.875542819450551,3.15788149559734,NA,NA,NA,NA,NA,NA,NA,NA,NA,NA,NA,NA,NA,NA,NA,NA
2014-02-24,"ambient","watered",58.1836796080181,14.6690685597508,14.676603570224,8.13854374071175,2.07220273375681,1.89924443866825,NA,NA,NA,NA,NA,NA,NA,NA,NA,NA,NA,NA,NA,NA,NA,NA
2014-02-24,"elevated","drought",42.6130827237665,13.7365682362862,21.1962401053168,9.83095344670491,1.73715039134763,3.56387771069611,NA,NA,NA,NA,NA,NA,NA,NA,NA,NA,NA,NA,NA,NA,NA,NA
2014-02-24,"elevated","watered",54.6870857119814,17.1592175827629,20.3310161706702,8.0612215932783,2.59599374682183,2.27719663496534,NA,NA,NA,NA,NA,NA,NA,NA,NA,NA,NA,NA,NA,NA,NA,NA
2014-02-25,"ambient","drought",47.8826691339685,14.0610953108859,14.0964426918593,8.42165292370079,0.871823758480536,3.14350858935892,NA,NA,NA,NA,NA,NA,3.86784355552,2.92472159110349,NA,NA,NA,NA,NA,NA,NA,NA
2014-02-25,"ambient","watered",51.8251750630206,15.3803397060065,14.7594412460173,9.17468218676196,2.57056643572575,1.91911626606679,NA,NA,NA,NA,NA,NA,3.3072035552,0.866276437677392,NA,NA,NA,NA,NA,NA,NA,NA
2014-02-25,"elevated","drought",41.9907129071107,15.2963380500249,21.3350258712459,8.48709421529675,2.22368366072471,3.61891602980573,NA,NA,NA,NA,NA,NA,6.42964,1.25460648555633,NA,NA,NA,NA,NA,NA,NA,NA
2014-02-25,"elevated","watered",50.508494568182,18.2943777497806,20.418613501498,8.92383225096247,2.78992401743532,2.27326985247718,NA,NA,NA,NA,NA,NA,5.3841817776,1.38155025073104,NA,NA,NA,NA,NA,NA,NA,NA
2014-02-26,"ambient","drought",42.2432347882162,15.6194437144887,14.1533386565165,7.48454661752447,1.00457045165037,3.12920232980565,NA,NA,NA,NA,NA,NA,NA,NA,NA,NA,NA,NA,NA,NA,NA,NA
2014-02-26,"ambient","watered",50.217384946735,17.1977732157948,14.8428029199372,9.64763085443077,2.47558612588907,1.93905128934699,NA,NA,NA,NA,NA,NA,NA,NA,NA,NA,NA,NA,NA,NA,NA,NA
2014-02-26,"elevated","drought",39.005897631987,16.603343888084,21.4746473983451,6.92334112658143,2.23527613388115,3.67494122994437,NA,NA,NA,NA,NA,NA,NA,NA,NA,NA,NA,NA,NA,NA,NA,NA
2014-02-26,"elevated","watered",49.0983679082099,20.3117032173747,20.5068085695341,7.56309649635699,3.15313246877046,2.26910829189045,NA,NA,NA,NA,NA,NA,NA,NA,NA,NA,NA,NA,NA,NA,NA,NA
2014-02-27,"ambient","drought",18.3813824634388,9.66722830768301,14.194261200331,4.08190664990538,0.514008873258434,3.11473676134364,NA,NA,NA,NA,NA,NA,NA,NA,NA,NA,NA,NA,NA,NA,NA,NA
2014-02-27,"ambient","watered",20.5836322512747,11.1060697181793,14.9238689228087,2.47099462165906,1.44347237549281,1.95072563202909,NA,NA,NA,NA,NA,NA,NA,NA,NA,NA,NA,NA,NA,NA,NA,NA
2014-02-27,"elevated","drought",19.2952211827678,10.5030776551092,21.4701934563374,2.94736890834722,1.57285167039316,3.66994441201652,NA,NA,NA,NA,NA,NA,NA,NA,NA,NA,NA,NA,NA,NA,NA,NA
2014-02-27,"elevated","watered",21.1655762615505,12.2849934560473,20.5617647893243,2.96907317016369,2.36041663509965,2.299113728845,NA,NA,NA,NA,NA,NA,NA,NA,NA,NA,NA,NA,NA,NA,NA,NA
2014-02-28,"ambient","drought",16.8407730136321,8.53478123537232,14.2354164574629,4.17841004185307,0.632160384880559,3.10044292701887,NA,NA,NA,NA,NA,NA,NA,NA,NA,NA,NA,NA,NA,NA,NA,NA
2014-02-28,"ambient","watered",18.5147591828941,9.96977386179356,15.0055465664612,1.71517158747434,1.43810324425302,1.96305117268781,NA,NA,NA,NA,NA,NA,NA,NA,NA,NA,NA,NA,NA,NA,NA,NA
2014-02-28,"elevated","drought",17.9034770088941,9.54840807981708,21.4658436254743,2.88856771040732,1.39804795780345,3.66503931983237,NA,NA,NA,NA,NA,NA,NA,NA,NA,NA,NA,NA,NA,NA,NA,NA
2014-02-28,"elevated","watered",19.5540858309473,11.0213392009753,20.6171794320084,2.97822660800693,1.82933318262735,2.32909235961072,NA,NA,NA,NA,NA,NA,NA,NA,NA,NA,NA,NA,NA,NA,NA,NA
2014-03-01,"ambient","drought",23.6860151560079,9.14859023914341,14.2768044662644,6.3223656432118,0.708900967865222,3.08632458344396,NA,NA,NA,NA,NA,NA,NA,NA,NA,NA,NA,NA,NA,NA,NA,NA
2014-03-01,"ambient","watered",27.0811989646595,10.6362609714179,15.0878364813784,3.21390642714437,1.54088666960376,1.97601707220226,NA,NA,NA,NA,NA,NA,NA,NA,NA,NA,NA,NA,NA,NA,NA,NA
2014-03-01,"elevated","drought",25.2319566563129,10.5124165279767,21.4615980071493,4.08523282451264,1.40576618575017,3.66022531005472,NA,NA,NA,NA,NA,NA,NA,NA,NA,NA,NA,NA,NA,NA,NA,NA
2014-03-01,"elevated","watered",26.5712228784957,11.4928073841951,20.6730527555438,4.68162263183329,2.15080212485451,2.35904360530423,NA,NA,NA,NA,NA,NA,NA,NA,NA,NA,NA,NA,NA,NA,NA,NA
2014-03-02,"ambient","drought",27.1454560161579,9.62330363739271,14.3184252649682,7.28495429228655,0.815128260321575,3.07238554454618,NA,NA,NA,NA,NA,NA,NA,NA,NA,NA,NA,NA,NA,NA,NA,NA
2014-03-02,"ambient","watered",31.4931508353052,11.2149214935833,15.170739296623,4.14511353981993,1.64291065986361,1.98961218348034,NA,NA,NA,NA,NA,NA,NA,NA,NA,NA,NA,NA,NA,NA,NA,NA
2014-03-02,"elevated","drought",29.0419065203579,11.2349794244638,21.4574567017803,4.59420537534783,1.41194380791503,3.65550179195131,NA,NA,NA,NA,NA,NA,NA,NA,NA,NA,NA,NA,NA,NA,NA,NA
2014-03-02,"elevated","watered",30.2091778530735,11.7955311172991,20.7293850176807,5.20494802566275,2.28315989498678,2.38896695496008,NA,NA,NA,NA,NA,NA,NA,NA,NA,NA,NA,NA,NA,NA,NA,NA
2014-03-03,"ambient","drought",42.7561484831479,11.4156932412726,14.3602788916881,11.4468119923954,0.791180432668532,3.05862968068552,NA,NA,NA,NA,NA,NA,NA,NA,NA,NA,NA,NA,NA,NA,NA,NA
2014-03-03,"ambient","watered",45.2963921488284,13.7944567670881,15.2542556398473,4.92129444730496,2.09285511609573,2.00382509675098,NA,NA,NA,NA,NA,NA,NA,NA,NA,NA,NA,NA,NA,NA,NA,NA
2014-03-03,"elevated","drought",45.2329995237999,12.5383205387251,21.4534198088226,7.34549985574959,1.787187345623,3.65086822785109,NA,NA,NA,NA,NA,NA,NA,NA,NA,NA,NA,NA,NA,NA,NA,NA
2014-03-03,"elevated","watered",48.279960714106,13.4091524371716,20.786176475964,8.28672301895278,2.70520548989014,2.41886196129346,NA,NA,NA,NA,NA,NA,NA,NA,NA,NA,NA,NA,NA,NA,NA,NA
2014-03-04,"ambient","drought",44.6446727426002,11.1049619036324,14.3959507784766,9.37582602986101,0.766736829485345,3.03903809143626,NA,NA,951.229610372672,1931.22070961747,273.409096042421,275.870970046288,NA,NA,NA,NA,NA,NA,NA,NA,NA,NA
2014-03-04,"ambient","watered",53.5356050025123,12.1013531206467,15.2754191159097,8.55296353869258,1.97411157740676,1.99483531284534,NA,NA,1068.56421066793,2337.26907575819,196.807969361936,213.244683864345,NA,NA,NA,NA,NA,NA,NA,NA,NA,NA
2014-03-04,"elevated","drought",49.0520782626778,12.898880348702,21.2916433724192,9.31344477046393,2.06608733494624,3.58867472915674,NA,NA,1362.49504378057,2779.30200837395,211.886513448356,423.735356155607,NA,NA,NA,NA,NA,NA,NA,NA,NA,NA
2014-03-04,"elevated","watered",51.0619046248491,14.1291271547762,20.810320093976,8.83511891774284,2.76516465607251,2.44343087593724,NA,NA,1284.64598602563,2886.89346047325,254.189755459413,459.355833203146,NA,NA,NA,NA,NA,NA,NA,NA,NA,NA
2014-03-05,"ambient","drought",52.2428935490759,12.7966151584055,14.4713841393273,10.6134359475897,0.708667498268207,3.05151825273256,NA,NA,NA,NA,NA,NA,NA,NA,NA,NA,NA,NA,NA,NA,NA,NA
2014-03-05,"ambient","watered",66.3407996362262,13.9255693886245,15.3485718818421,11.1882230213983,2.27117979201432,2.01845518102225,NA,NA,NA,NA,NA,NA,NA,NA,NA,NA,NA,NA,NA,NA,NA,NA
2014-03-05,"elevated","drought",53.0754356057815,14.3324465933411,21.2813101028199,9.89416746038197,2.55862641829077,3.58572158673337,NA,NA,NA,NA,NA,NA,NA,NA,NA,NA,NA,NA,NA,NA,NA,NA
2014-03-05,"elevated","watered",59.6289370737061,16.3739734555332,20.8535921200611,10.4136357530226,3.45789698930777,2.46197426598185,NA,NA,NA,NA,NA,NA,NA,NA,NA,NA,NA,NA,NA,NA,NA,NA
2014-03-06,"ambient","drought",37.9996990986452,12.0340325428395,14.5472447839652,8.30985925851338,1.11088517148111,3.06435432534644,NA,NA,NA,NA,NA,NA,NA,NA,NA,NA,NA,NA,NA,NA,NA,NA
2014-03-06,"ambient","watered",46.7284190761888,13.0958611906335,15.4220580709468,7.37377767205121,2.39555696990894,2.04301769314227,NA,NA,NA,NA,NA,NA,NA,NA,NA,NA,NA,NA,NA,NA,NA,NA
2014-03-06,"elevated","drought",40.5333577753352,12.6546322906616,21.271438498045,7.66935466665145,2.19454102786037,3.58270449635439,NA,NA,NA,NA,NA,NA,NA,NA,NA,NA,NA,NA,NA,NA,NA,NA
2014-03-06,"elevated","watered",44.9163415435998,14.0552061476757,20.8970250194412,7.9529432885413,2.9032382352637,2.48095411898499,NA,NA,NA,NA,NA,NA,NA,NA,NA,NA,NA,NA,NA,NA,NA,NA
2014-03-07,"ambient","drought",48.0034141955146,13.3430076629497,14.6235327225804,9.10502820686965,0.73647976460251,3.07754486741179,NA,NA,NA,NA,NA,NA,NA,NA,NA,NA,NA,NA,NA,NA,NA,NA
2014-03-07,"ambient","watered",58.685407250449,14.942466589739,15.4958782776036,10.1066296351949,2.54749429122746,2.06851069716774,NA,NA,NA,NA,NA,NA,NA,NA,NA,NA,NA,NA,NA,NA,NA,NA
2014-03-07,"elevated","drought",47.6545136121353,14.9285255576023,21.2620285846392,9.33809470503212,2.84092231687836,3.57962324813055,NA,NA,NA,NA,NA,NA,NA,NA,NA,NA,NA,NA,NA,NA,NA,NA
2014-03-07,"elevated","watered",57.3527440103468,17.2017605304092,20.9406189107052,9.76168650720223,3.1846528110033,2.50036864847943,NA,NA,NA,NA,NA,NA,NA,NA,NA,NA,NA,NA,NA,NA,NA,NA
2014-03-08,"ambient","drought",55.5035259912136,16.2699175189874,14.7002479655976,11.1076796655613,1.07345236101828,3.09108842432244,NA,NA,NA,NA,NA,NA,NA,NA,NA,NA,NA,NA,NA,NA,NA,NA
2014-03-08,"ambient","watered",75.3065570034391,17.5202833247884,15.570033095117,13.5097628303291,2.65169634028128,2.09492158019086,NA,NA,NA,NA,NA,NA,NA,NA,NA,NA,NA,NA,NA,NA,NA,NA
2014-03-08,"elevated","drought",56.3648472339369,17.1664463750748,21.2530803889826,12.912429414959,2.766788378396,3.57647763454079,NA,NA,NA,NA,NA,NA,NA,NA,NA,NA,NA,NA,NA,NA,NA,NA
2014-03-08,"elevated","watered",68.5675189798481,20.4688533575339,20.9843739121263,11.6239459749361,3.56620719820693,2.52021623166265,NA,NA,NA,NA,NA,NA,NA,NA,NA,NA,NA,NA,NA,NA,NA,NA
2014-03-09,"ambient","drought",58.2547968500786,13.1092582753249,14.7773905236723,10.0883109614313,1.15721015904377,3.10498353059745,NA,NA,NA,NA,NA,NA,NA,NA,NA,NA,NA,NA,NA,NA,NA,NA
2014-03-09,"ambient","watered",73.5233405198846,16.1770653802486,15.6445231157228,12.963147515215,2.72996282376026,2.12223735177049,NA,NA,NA,NA,NA,NA,NA,NA,NA,NA,NA,NA,NA,NA,NA,NA
2014-03-09,"elevated","drought",54.6967783673146,15.6341089519715,21.2445939372926,12.0795242739225,2.3371313294442,3.57326745040391,NA,NA,NA,NA,NA,NA,NA,NA,NA,NA,NA,NA,NA,NA,NA,NA
2014-03-09,"elevated","watered",67.9705110571587,18.9181800890968,21.0282901416654,11.3566048322649,3.39611964045763,2.54049540586736,NA,NA,NA,NA,NA,NA,NA,NA,NA,NA,NA,NA,NA,NA,NA,NA
2014-03-10,"ambient","drought",52.6012882645948,14.5385596565838,14.8549604076859,9.36678669595902,0.438656685294455,3.11922871171097,NA,NA,NA,NA,NA,NA,NA,NA,NA,NA,NA,NA,NA,NA,NA,NA
2014-03-10,"ambient","watered",67.0377329086836,16.5981701033846,15.7193489305931,11.7102022205066,2.72720794201041,2.15044472289262,NA,NA,NA,NA,NA,NA,NA,NA,NA,NA,NA,NA,NA,NA,NA,NA
2014-03-10,"elevated","drought",47.9457094115689,16.2596136570753,21.2365692556247,11.2757134959608,2.69503192020145,3.5699924928507,NA,NA,NA,NA,NA,NA,NA,NA,NA,NA,NA,NA,NA,NA,NA,NA
2014-03-10,"elevated","watered",62.1771620008889,20.1639051837791,21.0723677169737,10.9343252325252,3.40414718068609,2.56120486477994,NA,NA,NA,NA,NA,NA,NA,NA,NA,NA,NA,NA,NA,NA,NA,NA
2014-03-11,"ambient","drought",53.52828221151,14.9211760922141,14.9329576287418,11.1091555089789,0.120222073993729,3.13382248588271,NA,NA,NA,NA,NA,NA,NA,NA,NA,NA,NA,NA,NA,NA,NA,NA
2014-03-11,"ambient","watered",66.0367264938383,14.8786515786531,15.7945111298424,9.79853335264421,2.50175478071089,2.17953018016254,NA,NA,NA,NA,NA,NA,NA,NA,NA,NA,NA,NA,NA,NA,NA,NA
2014-03-11,"elevated","drought",53.9556830355146,16.7105139627431,21.2290063698744,12.6544965312875,2.31125809011207,3.56665256129642,NA,NA,NA,NA,NA,NA,NA,NA,NA,NA,NA,NA,NA,NA,NA,NA
2014-03-11,"elevated","watered",68.1068132858904,20.5646650596821,21.1166067553957,11.9561906032799,3.14743955476076,2.58234345443667,NA,NA,NA,NA,NA,NA,NA,NA,NA,NA,NA,NA,NA,NA,NA,NA
2014-03-12,"ambient","drought",49.8180784585853,14.7641815448018,15.0113821981606,10.7106271044645,0.52125174192357,3.14876336582656,NA,NA,NA,NA,NA,NA,7.63208355552,4.06466770504029,NA,NA,NA,NA,NA,NA,NA,NA
2014-03-12,"ambient","watered",66.7058905841185,18.2316967294842,15.870010302533,10.8798256502662,2.92444325975335,2.20948005495217,NA,NA,NA,NA,NA,NA,10.4050435552,2.15871203450015,NA,NA,NA,NA,NA,NA,NA,NA
2014-03-12,"elevated","drought",54.5640328127291,16.2739257360177,21.2219053057784,10.2042973799747,2.33330661914692,3.56324745741374,NA,NA,NA,NA,NA,NA,13.93636,3.67785993780633,NA,NA,NA,NA,NA,NA,NA,NA
2014-03-12,"elevated","watered",64.7502210977088,20.5986455302205,21.1610073739722,12.7691336827509,3.83477370505968,2.60391016902623,NA,NA,NA,NA,NA,NA,15.8929017776,0.84867863776748,NA,NA,NA,NA,NA,NA,NA,NA
2014-03-13,"ambient","drought",42.6150090515112,13.4990612414338,15.0902341274762,9.25486395548996,0.349544336585289,3.16404986045416,NA,NA,NA,NA,NA,NA,NA,NA,NA,NA,NA,NA,NA,NA,NA,NA
2014-03-13,"ambient","watered",55.7926563769209,16.3316604558262,15.9458470366805,8.28597734438945,2.66517327625717,2.24028058733335,NA,NA,NA,NA,NA,NA,NA,NA,NA,NA,NA,NA,NA,NA,NA,NA
2014-03-13,"elevated","drought",44.781020866535,14.9896494961983,21.2152660889156,9.84165275528589,2.27381454267684,3.55977698510584,NA,NA,NA,NA,NA,NA,NA,NA,NA,NA,NA,NA,NA,NA,NA,NA
2014-03-13,"elevated","watered",53.7102814844518,18.9865415171106,21.2055696894433,9.04989125907164,3.3646113796686,2.62590414652597,NA,NA,NA,NA,NA,NA,NA,NA,NA,NA,NA,NA,NA,NA,NA,NA
2014-03-14,"ambient","drought",49.2645054814178,13.2926897485702,15.1695134284317,8.98604857885263,0.604406841989488,3.17968047653092,NA,NA,NA,NA,NA,NA,NA,NA,NA,NA,NA,NA,NA,NA,NA,NA
2014-03-14,"ambient","watered",64.3631288306208,15.9030676777729,16.0220219192597,10.7354097499222,2.5177971995274,2.27191798472376,NA,NA,NA,NA,NA,NA,NA,NA,NA,NA,NA,NA,NA,NA,NA,NA
2014-03-14,"elevated","drought",48.5859287656742,14.4905579080021,21.2090887447091,10.3887288200321,2.29147824598818,3.55624095048015,NA,NA,NA,NA,NA,NA,NA,NA,NA,NA,NA,NA,NA,NA,NA,NA
2014-03-14,"elevated","watered",60.9198782542577,18.2629475335719,21.2502938182506,10.8548875667411,3.16869909544954,2.64832466419827,NA,NA,NA,NA,NA,NA,NA,NA,NA,NA,NA,NA,NA,NA,NA,NA
2014-03-15,"ambient","drought",45.561497189562,13.6498004963397,15.2492201129756,9.58143557144976,0.507675629016364,3.19565372028199,NA,NA,NA,NA,NA,NA,NA,NA,NA,NA,NA,NA,NA,NA,NA,NA
2014-03-15,"ambient","watered",55.6112251715601,16.6423862273191,16.0985355362094,8.92461617726425,2.70898328968697,2.3043784752541,NA,NA,NA,NA,NA,NA,NA,NA,NA,NA,NA,NA,NA,NA,NA,NA
2014-03-15,"elevated","drought",45.9959451271457,14.9244924545564,21.2033732984269,8.97466934490668,2.04219211271067,3.55263916182225,NA,NA,NA,NA,NA,NA,NA,NA,NA,NA,NA,NA,NA,NA,NA,NA
2014-03-15,"elevated","watered",52.8793745686877,17.2303247240566,21.2951798765409,9.92513729457823,3.29586955400844,2.67117113397151,NA,NA,NA,NA,NA,NA,NA,NA,NA,NA,NA,NA,NA,NA,NA,NA
2014-03-16,"ambient","drought",45.0139202583713,12.600132567613,15.3293541932574,9.80148540491172,0.672642760307589,3.2119680989469,NA,NA,NA,NA,NA,NA,NA,NA,NA,NA,NA,NA,NA,NA,NA,NA
2014-03-16,"ambient","watered",56.8647813230012,15.3231416230369,16.1753884724385,8.38908045463783,2.33204826214427,2.33764835593776,NA,NA,NA,NA,NA,NA,NA,NA,NA,NA,NA,NA,NA,NA,NA,NA
2014-03-16,"elevated","drought",47.5720307135109,14.4844796253797,21.1981197751834,9.97302004688875,2.04712021794068,3.5489714295702,NA,NA,NA,NA,NA,NA,NA,NA,NA,NA,NA,NA,NA,NA,NA,NA
2014-03-16,"elevated","watered",54.6247212244695,16.6568295676847,21.3402279801678,9.8722457739515,3.24013937556093,2.69444309772837,NA,NA,NA,NA,NA,NA,NA,NA,NA,NA,NA,NA,NA,NA,NA,NA
2014-03-17,"ambient","drought",47.1862661797113,13.5620371113746,15.4099156816242,8.65884163927256,0.947995317944858,3.22862212228015,NA,NA,NA,NA,NA,NA,NA,NA,NA,NA,NA,NA,NA,NA,NA,NA
2014-03-17,"ambient","watered",61.3376048250639,16.3615702665601,16.2525813118309,10.0800692829715,2.85919600356453,2.37171403578273,NA,NA,NA,NA,NA,NA,NA,NA,NA,NA,NA,NA,NA,NA,NA,NA
2014-03-17,"elevated","drought",52.3696531707749,16.4728353969584,21.1933281999409,10.8931780267174,2.21781988607302,3.54523756628915,NA,NA,NA,NA,NA,NA,NA,NA,NA,NA,NA,NA,NA,NA,NA,NA
2014-03-17,"elevated","watered",61.3044786921661,18.8902695178936,21.3854382446957,9.65383430160565,3.48986722440729,2.71814022252448,NA,NA,NA,NA,NA,NA,NA,NA,NA,NA,NA,NA,NA,NA,NA,NA
2014-03-18,"ambient","drought",48.91365157211,14.538958949263,15.4909045906166,9.16272572372804,0.533147833618181,3.24561430399711,NA,NA,NA,NA,NA,NA,NA,NA,NA,NA,NA,NA,NA,NA,NA,NA
2014-03-18,"ambient","watered",61.9535189023806,17.7251223077968,16.330114637251,9.973199574912,3.22269886789834,2.40656207403379,NA,NA,NA,NA,NA,NA,NA,NA,NA,NA,NA,NA,NA,NA,NA,NA
2014-03-18,"elevated","drought",53.2091701493261,18.7850443017467,21.1889985975107,10.7984199878415,2.43340954257054,3.54143738664642,NA,NA,NA,NA,NA,NA,NA,NA,NA,NA,NA,NA,NA,NA,NA,NA
2014-03-18,"elevated","watered",61.2547265976068,20.6740713645949,21.4308107854014,9.97654192931078,3.76705810243923,2.74226229575661,NA,NA,NA,NA,NA,NA,NA,NA,NA,NA,NA,NA,NA,NA,NA,NA
2014-03-19,"ambient","drought",41.4487931482644,12.9947457247581,15.5723209329653,4.97459934347413,0.139055870805035,3.26294316316363,NA,NA,1027.3149522428,2131.97954237976,291.062978210288,270.206750951627,NA,NA,NA,NA,NA,NA,NA,NA,NA,NA
2014-03-19,"ambient","watered",62.9077560314777,15.7318759846643,16.407989030549,10.1286978226351,2.23121051640362,2.44217921377069,NA,NA,1149.08574450642,2661.62532805009,230.019201565219,248.330882751915,NA,NA,NA,NA,NA,NA,NA,NA,NA,NA
2014-03-19,"elevated","drought",42.8314482999591,16.8093014307811,21.1851309925543,13.0989664580912,2.18759250620688,3.53757070738705,NA,NA,1355.94308725159,2936.25226219658,209.07231362092,481.787189032064,NA,NA,NA,NA,NA,NA,NA,NA,NA,NA
2014-03-19,"elevated","watered",58.0044185213278,20.3653529878442,21.4763457172772,9.36669279444506,3.85513132260846,2.76680922029996,NA,NA,1327.83453909823,3229.42475046105,278.052824234159,513.340242147995,NA,NA,NA,NA,NA,NA,NA,NA,NA,NA
2014-03-20,"ambient","drought",48.8144414950066,13.8808244597113,15.6274459007853,10.0327047354982,0.441132331111719,3.26526945744242,NA,NA,NA,NA,NA,NA,NA,NA,NA,NA,NA,NA,NA,NA,NA,NA
2014-03-20,"ambient","watered",70.4643055850875,17.0952263404013,16.5028584235901,12.2085473130831,2.62345211030506,2.46611795964381,NA,NA,NA,NA,NA,NA,NA,NA,NA,NA,NA,NA,NA,NA,NA,NA
2014-03-20,"elevated","drought",38.6219078829676,16.9208261921256,21.1822137699571,16.6513274221388,2.65721582031487,3.53206791544472,NA,NA,NA,NA,NA,NA,NA,NA,NA,NA,NA,NA,NA,NA,NA,NA
2014-03-20,"elevated","watered",62.5861327735653,21.6693384644628,21.5511931507427,11.8452233326078,3.67077249679692,2.80291433608351,NA,NA,NA,NA,NA,NA,NA,NA,NA,NA,NA,NA,NA,NA,NA,NA
2014-03-21,"ambient","drought",40.6713375051401,12.146062677605,15.6827280253563,7.75325950881579,0.285516832362788,3.26766642353897,NA,NA,NA,NA,NA,NA,NA,NA,NA,NA,NA,NA,NA,NA,NA,NA
2014-03-21,"ambient","watered",53.6858180459533,15.075786237743,16.5980595327689,8.30097953330188,2.03517407146725,2.49037695304331,NA,NA,NA,NA,NA,NA,NA,NA,NA,NA,NA,NA,NA,NA,NA,NA
2014-03-21,"elevated","drought",41.3358037579121,14.9688466359934,21.1786554237469,8.871847054139,2.37142099639261,3.52674507073641,NA,NA,NA,NA,NA,NA,NA,NA,NA,NA,NA,NA,NA,NA,NA,NA
2014-03-21,"elevated","watered",48.567995185257,19.053303001806,21.6261399936908,7.05978900059991,3.11639356244955,2.83907173151014,NA,NA,NA,NA,NA,NA,NA,NA,NA,NA,NA,NA,NA,NA,NA,NA
2014-03-22,"ambient","drought",49.842700479279,13.8840797213733,15.7381673466179,8.99174418184675,0.5592349116524,3.27013757645506,NA,NA,NA,NA,NA,NA,NA,NA,NA,NA,NA,NA,NA,NA,NA,NA
2014-03-22,"ambient","watered",66.9773200895545,17.5858330086473,16.6935930249455,10.9011032299464,2.42731095692972,2.51495253630708,NA,NA,NA,NA,NA,NA,NA,NA,NA,NA,NA,NA,NA,NA,NA,NA
2014-03-22,"elevated","drought",44.543048908647,17.0565732831027,21.1744560162339,10.8511007771244,1.96794711586846,3.52160609369294,NA,NA,NA,NA,NA,NA,NA,NA,NA,NA,NA,NA,NA,NA,NA,NA
2014-03-22,"elevated","watered",60.0389546899988,20.6114576144308,21.7011864515213,10.6890846187776,3.659092102705,2.87527901933085,NA,NA,NA,NA,NA,NA,NA,NA,NA,NA,NA,NA,NA,NA,NA,NA
2014-03-23,"ambient","drought",38.1663317665476,12.5353912903182,15.7937639043985,7.10648825345865,0.657527794550386,3.27268645600452,NA,NA,NA,NA,NA,NA,NA,NA,NA,NA,NA,NA,NA,NA,NA,NA
2014-03-23,"ambient","watered",49.115251233896,15.8465733813711,16.7894595644861,7.72273634125477,2.02415801683143,2.5398411094995,NA,NA,NA,NA,NA,NA,NA,NA,NA,NA,NA,NA,NA,NA,NA,NA
2014-03-23,"elevated","drought",37.2327540141185,13.9132921626831,21.1696156092108,7.33863062415639,2.12900708927498,3.51665527547779,NA,NA,NA,NA,NA,NA,NA,NA,NA,NA,NA,NA,NA,NA,NA,NA
2014-03-23,"elevated","watered",46.1443157453682,18.09497291972,21.7763327295514,7.52298860932833,3.48504561971237,2.91153394113601,NA,NA,NA,NA,NA,NA,NA,NA,NA,NA,NA,NA,NA,NA,NA,NA
2014-03-24,"ambient","drought",20.8745447264207,9.95783891895147,15.8495177384169,5.6880373218794,0.441695651499917,3.2753166259221,NA,NA,NA,NA,NA,NA,NA,NA,NA,NA,NA,NA,NA,NA,NA,NA
2014-03-24,"ambient","watered",27.3649156325275,12.2252861374939,16.8856598132921,3.47080042966623,1.6304406093414,2.56503913224828,NA,NA,NA,NA,NA,NA,NA,NA,NA,NA,NA,NA,NA,NA,NA,NA
2014-03-24,"elevated","drought",22.7016025774446,12.0064749623295,21.1641342639592,5.24612085043995,1.7007796748117,3.51189727846244,NA,NA,NA,NA,NA,NA,NA,NA,NA,NA,NA,NA,NA,NA,NA,NA
2014-03-24,"elevated","watered",24.9118809057051,14.7365202832985,21.8515790330166,5.23368337384281,2.40035559528408,2.94783435989124,NA,NA,NA,NA,NA,NA,NA,NA,NA,NA,NA,NA,NA,NA,NA,NA
2014-03-25,"ambient","drought",54.9954691755338,14.2271181438677,15.905428888282,11.3905307291924,0.844144280361816,3.27803167292927,NA,NA,NA,NA,NA,NA,NA,NA,NA,NA,NA,NA,NA,NA,NA,NA
2014-03-25,"ambient","watered",72.125968604112,17.5041267602639,16.982194430829,12.5451248409615,2.47840459617651,2.59054312531841,NA,NA,NA,NA,NA,NA,NA,NA,NA,NA,NA,NA,NA,NA,NA,NA
2014-03-25,"elevated","drought",52.3919272139773,16.6269963969903,21.1580120412545,11.2222114815642,2.33182677175705,3.50733713634815,NA,NA,NA,NA,NA,NA,NA,NA,NA,NA,NA,NA,NA,NA,NA,NA
2014-03-25,"elevated","watered",61.674845720032,20.062279596571,21.9269255670688,12.7308160282173,3.12022241678753,2.98417825297133,NA,NA,NA,NA,NA,NA,NA,NA,NA,NA,NA,NA,NA,NA,NA,NA
2014-03-26,"ambient","drought",24.3029688763065,13.7080107254986,15.9614973934942,4.4921021281494,1.19884928388894,3.28083520575673,NA,NA,NA,NA,NA,NA,10.66320355552,5.84882771806472,332.262388167709,8.39789427580651,153.004372032601,3.86716819544857,69.1282563542636,1.74720885964659,110.129759780844,2.78351722071134
2014-03-26,"ambient","watered",30.9907201381654,16.5883187164075,17.0790640741553,3.94918172264258,2.1881120058249,2.61634967194009,NA,NA,NA,NA,NA,NA,16.4337635552,4.18956674787311,391.125933755945,8.40285172127191,180.110599366989,3.86945106241556,81.3750059541327,1.74824027208808,129.640328434823,2.78516038676827
2014-03-26,"elevated","drought",25.4052767059931,14.7420913266987,21.1512490013726,5.66660900311442,2.42026992495795,3.50298025391523,NA,NA,NA,NA,NA,NA,26.479,11.7819232129179,447.685997870999,9.46257056848668,206.156090521647,4.35744375290139,93.1425088397904,1.96871817973717,148.387398509562,3.13640863584812
2014-03-26,"elevated","watered",29.5351033617715,18.4948711221167,22.0023725367771,4.43240744690992,3.30629666118935,3.02056370565626,NA,NA,NA,NA,NA,NA,25.2837017776,3.05907300874365,477.388401472031,16.5749460498255,219.83382767359,7.63264005237854,99.3221892477745,3.44847072793593,158.232384550667,5.49383526951106
2014-03-27,"ambient","drought",18.202798176308,9.88487318587568,16.0177232934456,4.09378042628148,1.00519316771189,3.28373085412399,NA,NA,NA,NA,NA,NA,NA,NA,NA,NA,NA,NA,NA,NA,NA,NA
2014-03-27,"ambient","watered",21.4723959424581,12.1454939098552,17.1762693979495,2.99126220122355,1.86289498139072,2.64245541890616,NA,NA,NA,NA,NA,NA,NA,NA,NA,NA,NA,NA,NA,NA,NA,NA
2014-03-27,"elevated","drought",18.1810600672549,10.9676259020715,21.1438452040948,2.96356611308034,1.72577673245754,3.49883240637648,NA,NA,NA,NA,NA,NA,NA,NA,NA,NA,NA,NA,NA,NA,NA,NA
2014-03-27,"elevated","watered",20.6907648817058,13.0783706731775,22.0779201471267,3.46754122819918,2.32081093495451,3.05698890505395,NA,NA,NA,NA,NA,NA,NA,NA,NA,NA,NA,NA,NA,NA,NA,NA
2014-03-28,"ambient","drought",35.8750305516613,12.253660978153,16.074106627421,7.79354494079747,1.10088618914063,3.2867222676753,NA,NA,NA,NA,NA,NA,NA,NA,NA,NA,NA,NA,NA,NA,NA,NA
2014-03-28,"ambient","watered",41.2861648222488,14.5866972918843,17.2738110545379,7.35658662418489,1.9880640034144,2.66885707745492,NA,NA,NA,NA,NA,NA,NA,NA,NA,NA,NA,NA,NA,NA,NA,NA
2014-03-28,"elevated","drought",35.0564141423759,13.5001424766585,21.1358007087137,5.57049753130623,1.80068375591087,3.4948997383126,NA,NA,NA,NA,NA,NA,NA,NA,NA,NA,NA,NA,NA,NA,NA,NA
2014-03-28,"elevated","watered",39.670430362677,15.8141680936161,22.1535686030185,6.98604235261171,2.53070447886216,3.09345213442032,NA,NA,NA,NA,NA,NA,NA,NA,NA,NA,NA,NA,NA,NA,NA,NA
2014-03-29,"ambient","drought",46.7922686841259,13.3199796729334,16.1306474345981,10.6690907077574,1.1627603840651,3.28981311487282,NA,NA,NA,NA,NA,NA,NA,NA,NA,NA,NA,NA,NA,NA,NA,NA
2014-03-29,"ambient","watered",58.3573370699636,16.3585351502982,17.3716896939216,9.42432584951515,2.17258599365625,2.69555142395385,NA,NA,NA,NA,NA,NA,NA,NA,NA,NA,NA,NA,NA,NA,NA,NA
2014-03-29,"elevated","drought",44.8383788238773,14.4722564326081,21.1271155740388,9.50199460879855,2.03360416468773,3.49118876216557,NA,NA,NA,NA,NA,NA,NA,NA,NA,NA,NA,NA,NA,NA,NA,NA
2014-03-29,"elevated","watered",51.6738662014321,17.298841985387,22.2293181092689,9.11251395508831,3.01116895661416,3.12995176784711,NA,NA,NA,NA,NA,NA,NA,NA,NA,NA,NA,NA,NA,NA,NA,NA
2014-03-30,"ambient","drought",44.759373317747,12.8794973176564,16.1873457540486,10.043658872254,1.14476214676522,3.29300708184642,NA,NA,NA,NA,NA,NA,NA,NA,NA,NA,NA,NA,NA,NA,NA,NA
2014-03-30,"ambient","watered",61.1419954466942,15.6141255360612,17.4699059638025,12.275525110106,2.0457042716073,2.72253530039758,NA,NA,NA,NA,NA,NA,NA,NA,NA,NA,NA,NA,NA,NA,NA,NA
2014-03-30,"elevated","drought",40.739507954454,13.464492784722,21.1177898584014,12.2192285676173,2.29083653052836,3.4877063562657,NA,NA,NA,NA,NA,NA,NA,NA,NA,NA,NA,NA,NA,NA,NA,NA
2014-03-30,"elevated","watered",51.3085495734758,16.8829935502714,22.3051688706096,8.14617434834935,2.86312906673147,3.16648626529061,NA,NA,NA,NA,NA,NA,NA,NA,NA,NA,NA,NA,NA,NA,NA,NA
2014-03-31,"ambient","drought",52.3432578391889,13.0286055954557,16.2442016247386,13.0710610487613,0.72389172133429,3.29630787120092,NA,NA,NA,NA,NA,NA,NA,NA,NA,NA,NA,NA,NA,NA,NA,NA
2014-03-31,"ambient","watered",69.2518450389469,15.3771745940096,17.5684605096096,12.6149019159491,2.01438018525338,2.74980561473556,NA,NA,NA,NA,NA,NA,NA,NA,NA,NA,NA,NA,NA,NA,NA,NA
2014-03-31,"elevated","drought",51.4253149321218,14.5893354649545,21.1078236196606,12.1277287410005,2.04270226811157,3.484459762367,NA,NA,NA,NA,NA,NA,NA,NA,NA,NA,NA,NA,NA,NA,NA,NA
2014-03-31,"elevated","watered",59.3941431648154,17.4869970297316,22.3811210916868,10.9588448540934,2.40815199540729,3.20305416791803,NA,NA,NA,NA,NA,NA,NA,NA,NA,NA,NA,NA,NA,NA,NA,NA
2014-04-01,"ambient","drought",60.659072034333,12.9042287748554,16.3012150855291,14.5884679516661,0.741154820218976,3.29971920078107,NA,NA,1072.33322018799,2316.20116709024,291.839364047896,273.629401103746,NA,NA,NA,NA,NA,NA,NA,NA,NA,NA
2014-04-01,"ambient","watered",62.5731385127761,14.9784339761049,17.6673539745245,8.35127479580251,2.18467861553237,2.77735934104194,NA,NA,1237.3133010254,2938.85018299095,256.504833701482,284.172181568069,NA,NA,NA,NA,NA,NA,NA,NA,NA,NA
2014-04-01,"elevated","drought",57.6868924852492,15.1079188210209,21.0972169152079,14.6647750327757,2.56601469346988,3.48145658266588,NA,NA,1350.75030591097,3164.41921732329,206.24207747373,547.657543146277,NA,NA,NA,NA,NA,NA,NA,NA,NA,NA
2014-04-01,"elevated","watered",70.527268575855,18.2807784871591,22.4571749770611,11.8423466284844,2.46391965735908,3.23965409374803,NA,NA,1389.693838854,3521.43778072233,307.976677349162,574.402904165906,NA,NA,NA,NA,NA,NA,NA,NA,NA,NA
2014-04-02,"ambient","drought",52.6289432775854,14.4893521097324,16.3822263986822,13.5297042846542,0.922060362948531,3.32642228907511,NA,NA,NA,NA,NA,NA,NA,NA,421.806275056677,16.7705978347946,190.877385767899,7.58909495132632,87.5851293859151,3.48229760461072,143.343759902863,5.6992052788576
2014-04-02,"ambient","watered",67.2226206482415,16.6114405191528,17.7695203687437,11.6247716580572,2.41386256849432,2.80496748523953,NA,NA,NA,NA,NA,NA,NA,NA,507.529228193031,26.6023033716973,229.669063755081,12.0381758718783,105.384902375972,5.52378264752084,172.475262061978,9.04034485229819
2014-04-02,"elevated","drought",51.2565462886515,16.7225476990294,21.0915238162365,11.7133444218904,2.6774633919721,3.4795730863063,NA,NA,NA,NA,NA,NA,NA,NA,529.191855568283,12.4616569329531,239.47191858861,5.63919656571938,109.882995774998,2.58757609684428,179.836941204675,4.23488427038942
2014-04-02,"elevated","watered",51.665054247732,19.7507037348622,22.4983406235021,13.3769983984704,3.5494626775979,3.26075640864732,NA,NA,NA,NA,NA,NA,NA,NA,485.242377398459,17.3220115935663,219.583732956966,7.83862281038113,100.757193340148,3.59679482350747,164.901451101345,5.88659395967767
2014-04-03,"ambient","drought",52.9585557042019,18.9949424770526,16.4633417585252,11.3393555010282,1.52145791218817,3.35324000954928,NA,NA,NA,NA,NA,NA,NA,NA,NA,NA,NA,NA,NA,NA,NA,NA
2014-04-03,"ambient","watered",67.5180357719173,21.5016966586349,17.8721479175804,12.5329418394075,2.88274878365959,2.83355209515888,NA,NA,NA,NA,NA,NA,NA,NA,NA,NA,NA,NA,NA,NA,NA,NA
2014-04-03,"elevated","drought",51.0231785759446,19.4085934957957,21.0860073890342,11.2786809565333,3.03562026731081,3.47774995412796,NA,NA,NA,NA,NA,NA,NA,NA,NA,NA,NA,NA,NA,NA,NA,NA
2014-04-03,"elevated","watered",60.5075357057985,24.2413400076359,22.538760388632,10.8141011503927,4.50007448998958,3.28274480759173,NA,NA,NA,NA,NA,NA,NA,NA,NA,NA,NA,NA,NA,NA,NA,NA
2014-04-04,"ambient","drought",24.4857703513929,13.3993831332336,16.5445611144385,5.21157140382565,0.952215652874378,3.38017229350181,NA,NA,NA,NA,NA,NA,NA,NA,NA,NA,NA,NA,NA,NA,NA,NA
2014-04-04,"ambient","watered",28.8172598888357,15.5099935970492,17.9752373313933,4.45483027358608,2.0206023694491,2.86310647448295,NA,NA,NA,NA,NA,NA,NA,NA,NA,NA,NA,NA,NA,NA,NA,NA
2014-04-04,"elevated","drought",23.2942478542035,14.0425203426024,21.0806676603554,4.91000967522911,2.21942099415423,3.47598623087063,NA,NA,NA,NA,NA,NA,NA,NA,NA,NA,NA,NA,NA,NA,NA,NA
2014-04-04,"elevated","watered",26.7462924140927,17.3320530558278,22.5784343786423,4.58184380903631,3.03297463390143,3.30561911519682,NA,NA,NA,NA,NA,NA,NA,NA,NA,NA,NA,NA,NA,NA,NA,NA
2014-04-05,"ambient","drought",49.424688791301,14.09328754641,16.6258844164946,11.3017559252133,1.02386987337729,3.4072190742213,NA,NA,NA,NA,NA,NA,NA,NA,NA,NA,NA,NA,NA,NA,NA,NA
2014-04-05,"ambient","watered",62.7035494635988,16.4031684935629,18.0787893192855,12.0704146312647,2.07751167554919,2.89362354081681,NA,NA,NA,NA,NA,NA,NA,NA,NA,NA,NA,NA,NA,NA,NA,NA
2014-04-05,"elevated","drought",46.6617447460443,14.4296075854278,21.0755046568314,10.7408998451285,2.30343906241964,3.47428100633881,NA,NA,NA,NA,NA,NA,NA,NA,NA,NA,NA,NA,NA,NA,NA,NA
2014-04-05,"elevated","watered",52.506509232694,17.9506704156298,22.6173626993077,11.3998530801566,3.48022873871766,3.32937923213648,NA,NA,NA,NA,NA,NA,NA,NA,NA,NA,NA,NA,NA,NA,NA,NA
2014-04-06,"ambient","drought",39.4729469964914,12.0540716153814,16.7073116154473,9.95248075885081,0.775628273972981,3.43438028691935,NA,NA,NA,NA,NA,NA,NA,NA,NA,NA,NA,NA,NA,NA,NA,NA
2014-04-06,"ambient","watered",48.3867383624942,14.1759955328459,18.1828045891107,8.1027619400194,1.82839433219796,2.92509586932052,NA,NA,NA,NA,NA,NA,NA,NA,NA,NA,NA,NA,NA,NA,NA,NA
2014-04-06,"elevated","drought",36.6028627846655,12.4592817170059,21.070518404971,7.99570012640776,1.86974744025035,3.47263341567921,NA,NA,NA,NA,NA,NA,NA,NA,NA,NA,NA,NA,NA,NA,NA,NA
2014-04-06,"elevated","watered",42.887144669133,15.1187241107548,22.6555454559905,8.10541550623179,3.06875057920294,3.35402513274003,NA,NA,NA,NA,NA,NA,NA,NA,NA,NA,NA,NA,NA,NA,NA,NA
2014-04-07,"ambient","drought",35.2246275193554,11.5606689694927,16.7888426627205,8.36526711179364,0.733673122471709,3.46165586866567,NA,NA,NA,NA,NA,NA,NA,NA,NA,NA,NA,NA,NA,NA,NA,NA
2014-04-07,"ambient","watered",44.7039392225178,13.3791882826863,18.2872838474801,6.179580204335,1.79026476565638,2.95751573517757,NA,NA,NA,NA,NA,NA,NA,NA,NA,NA,NA,NA,NA,NA,NA,NA
2014-04-07,"elevated","drought",35.6104828263853,12.0617328313993,21.0657089311614,9.55517001347697,1.55682375459035,3.47104263964479,NA,NA,NA,NA,NA,NA,NA,NA,NA,NA,NA,NA,NA,NA,NA,NA
2014-04-07,"elevated","watered",38.2531174201971,14.4656869581985,22.6929827536445,6.7399061586612,2.48369416622405,3.37955686240063,NA,NA,NA,NA,NA,NA,NA,NA,NA,NA,NA,NA,NA,NA,NA,NA
2014-04-08,"ambient","drought",61.2306405722242,12.4373338211298,16.870477510397,15.5269870096451,0.540901957971013,3.48904575832546,NA,NA,NA,NA,NA,NA,NA,NA,NA,NA,NA,NA,NA,NA,NA,NA
2014-04-08,"ambient","watered",79.1217749098037,14.0667458358716,18.3922277997678,15.0902294939829,1.96802936518132,2.99087515466779,NA,NA,NA,NA,NA,NA,NA,NA,NA,NA,NA,NA,NA,NA,NA,NA
2014-04-08,"elevated","drought",56.952637639145,12.8990031129665,21.0610762616688,14.2670259464399,2.37853841765768,3.46950790484625,NA,NA,NA,NA,NA,NA,NA,NA,NA,NA,NA,NA,NA,NA,NA,NA
2014-04-08,"elevated","watered",66.7267785539651,15.8558670428625,22.7296746968191,12.7520015471463,2.67202665577873,3.40597453481875,NA,NA,NA,NA,NA,NA,NA,NA,NA,NA,NA,NA,NA,NA,NA,NA
2014-04-09,"ambient","drought",65.83676055074,14.1615515299981,16.9522161112085,16.0106383466085,0.991435888536339,3.51654989649881,NA,NA,NA,NA,NA,NA,13.66360355552,6.11613330045094,NA,NA,NA,NA,NA,NA,NA,NA
2014-04-09,"ambient","watered",84.8690433970868,16.4325714340027,18.497637150118,16.2203539203971,2.45969760890786,3.02516592465031,NA,NA,NA,NA,NA,NA,22.7919235552,3.42753797510129,NA,NA,NA,NA,NA,NA,NA,NA
2014-04-09,"elevated","drought",59.1398210117791,15.0344089712101,21.0566204226395,15.4001475852832,2.22715597417519,3.46802848399136,NA,NA,NA,NA,NA,NA,38.74596,18.2492079462106,NA,NA,NA,NA,NA,NA,NA,NA
2014-04-09,"elevated","watered",72.5097631718734,18.6417339415246,22.7656213896641,14.4285665230635,2.91288363553373,3.43327832910358,NA,NA,NA,NA,NA,NA,45.8429817776,13.6384544881907,NA,NA,NA,NA,NA,NA,NA,NA
2014-04-10,"ambient","drought",29.1821514507312,13.0525037744547,17.0340584185245,6.16345676392576,1.04726065449314,3.54416822546218,NA,NA,NA,NA,NA,NA,NA,NA,NA,NA,NA,NA,NA,NA,NA,NA
2014-04-10,"ambient","watered",35.7123418809845,15.392696231625,18.6035126014501,5.4508945293066,2.12213207419348,3.06037966029669,NA,NA,NA,NA,NA,NA,NA,NA,NA,NA,NA,NA,NA,NA,NA,NA
2014-04-10,"elevated","drought",28.7903693945623,13.2261086331403,21.0523414401006,5.02115404591032,2.16551368356471,3.4666036961114,NA,NA,NA,NA,NA,NA,NA,NA,NA,NA,NA,NA,NA,NA,NA,NA
2014-04-10,"elevated","watered",32.3681569592947,16.6652235418533,22.8008229359326,4.96495054130139,2.8705300974003,3.46146848675513,NA,NA,NA,NA,NA,NA,NA,NA,NA,NA,NA,NA,NA,NA,NA,NA
2014-04-11,"ambient","drought",45.3591393615829,15.4450643458242,17.1160043863427,10.5898476580495,0.873853257887063,3.57190068911215,NA,NA,NA,NA,NA,NA,NA,NA,NA,NA,NA,NA,NA,NA,NA,NA
2014-04-11,"ambient","watered",56.1629238810963,18.4255779899395,18.709854855466,9.99657759221811,2.53396077797457,3.0965078309491,NA,NA,NA,NA,NA,NA,NA,NA,NA,NA,NA,NA,NA,NA,NA,NA
2014-04-11,"elevated","drought",40.1753531080833,16.3262426838084,21.0482393399605,10.0273434966117,2.34547205406529,3.46523290677629,NA,NA,NA,NA,NA,NA,NA,NA,NA,NA,NA,NA,NA,NA,NA,NA
2014-04-11,"elevated","watered",48.0199263564257,20.0353883452096,22.835279438986,10.3761516396932,3.34114810293259,3.49054530854946,NA,NA,NA,NA,NA,NA,NA,NA,NA,NA,NA,NA,NA,NA,NA,NA
2014-04-12,"ambient","drought",40.993382394633,12.3284523657069,17.1980539692788,8.93716606259874,0.685102665081522,3.59974723291069,NA,NA,NA,NA,NA,NA,NA,NA,NA,NA,NA,NA,NA,NA,NA,NA
2014-04-12,"ambient","watered",50.4794722282935,14.8702268401085,18.8166646126553,8.40944655362758,1.95737138938394,3.13354179400783,NA,NA,NA,NA,NA,NA,NA,NA,NA,NA,NA,NA,NA,NA,NA,NA
2014-04-12,"elevated","drought",39.7924622696722,13.0823846883306,21.04431414801,9.68569667023583,1.74180429991381,3.46391552829754,NA,NA,NA,NA,NA,NA,NA,NA,NA,NA,NA,NA,NA,NA,NA,NA
2014-04-12,"elevated","watered",47.21544365536,15.3658658915567,22.8689910017975,9.93900572570906,2.83778016450256,3.52050915134884,NA,NA,NA,NA,NA,NA,NA,NA,NA,NA,NA,NA,NA,NA,NA,NA
2014-04-13,"ambient","drought",48.1290209905134,11.7372230297801,17.2802071225567,11.5170305605592,0.640339370735555,3.62770780383267,NA,NA,NA,NA,NA,NA,NA,NA,NA,NA,NA,NA,NA,NA,NA,NA
2014-04-13,"ambient","watered",62.4468403265724,14.3043936378031,18.9239425723014,10.5794067473087,1.88164510231312,3.17147282678401,NA,NA,NA,NA,NA,NA,NA,NA,NA,NA,NA,NA,NA,NA,NA,NA
2014-04-13,"elevated","drought",46.833055821691,12.5859735796117,21.0405658899227,10.7826481956306,1.81453389276578,3.46265101991981,NA,NA,NA,NA,NA,NA,NA,NA,NA,NA,NA,NA,NA,NA,NA,NA
2014-04-13,"elevated","watered",54.2057498736008,15.1324423037257,22.9019577269559,9.98951898331605,2.93180980755149,3.55136042485675,NA,NA,NA,NA,NA,NA,NA,NA,NA,NA,NA,NA,NA,NA,NA,NA
2014-04-14,"ambient","drought",48.6073332297845,9.88858026340379,17.3624638019986,12.2592338257383,0.513134601856846,3.65578235031489,NA,NA,NA,NA,NA,NA,NA,NA,NA,NA,NA,NA,NA,NA,NA,NA
2014-04-14,"ambient","watered",62.2385418306729,11.7116732661368,19.0316894324878,11.1504805538541,1.69855947632169,3.2102921562786,NA,NA,NA,NA,NA,NA,NA,NA,NA,NA,NA,NA,NA,NA,NA,NA
2014-04-14,"elevated","drought",45.6777354646211,10.9150972049899,21.0369945912564,11.2586850034652,1.75760877108691,3.46143888800091,NA,NA,NA,NA,NA,NA,NA,NA,NA,NA,NA,NA,NA,NA,NA,NA
2014-04-14,"elevated","watered",52.6869742046529,12.8762959076373,22.9341797166699,9.8708417989753,2.29688706291946,3.58309958833872,NA,NA,NA,NA,NA,NA,NA,NA,NA,NA,NA,NA,NA,NA,NA,NA
2014-04-15,"ambient","drought",51.1020727120313,11.6157992735009,17.4448239640164,13.3075669451553,0.587014359602868,3.68397082220706,NA,NA,NA,NA,NA,NA,NA,NA,NA,NA,NA,NA,NA,NA,NA,NA
2014-04-15,"ambient","watered",64.8209252166529,14.0374666565953,19.1399058901042,10.9549182056828,1.9093966078506,3.24999098687335,NA,NA,NA,NA,NA,NA,NA,NA,NA,NA,NA,NA,NA,NA,NA,NA
2014-04-15,"elevated","drought",49.1990537425383,12.4766410442212,21.0336002774529,11.7767497371047,1.91405293058161,3.46027868618075,NA,NA,NA,NA,NA,NA,NA,NA,NA,NA,NA,NA,NA,NA,NA,NA
2014-04-15,"elevated","watered",54.1398992282572,14.104125355658,22.9656570727713,8.8582940425833,3.05489370540328,3.61572714732623,NA,NA,NA,NA,NA,NA,NA,NA,NA,NA,NA,NA,NA,NA,NA,NA
2014-04-16,"ambient","drought",52.0418675936297,10.3546631598006,17.5272875656019,11.560696858835,0.25611146163461,3.71227317072429,NA,NA,1154.12823276092,2546.28302490095,324.849072387255,277.373113741042,NA,NA,NA,NA,NA,NA,NA,NA,NA,NA
2014-04-16,"ambient","watered",71.4098786317678,12.0144383582777,19.2485926408516,13.4875838565105,1.80441494323988,3.29056052594142,NA,NA,1347.28792125349,3261.98022367759,294.848962536732,325.007236647558,NA,NA,NA,NA,NA,NA,NA,NA,NA,NA
2014-04-16,"elevated","drought",51.0077197262417,11.1324517724661,21.0303829738395,11.3589008365906,2.15280255187413,3.45917001553902,NA,NA,1346.62532311571,3413.30388381688,205.134481029642,616.898868829821,NA,NA,NA,NA,NA,NA,NA,NA,NA,NA
2014-04-16,"elevated","watered",59.2247681276993,13.5835105766891,22.9963898967189,12.1267820364379,2.84949263584801,3.64924365032255,NA,NA,1425.14443399668,3837.94397942259,334.894912155803,644.210666726016,NA,NA,NA,NA,NA,NA,NA,NA,NA,NA
2014-04-17,"ambient","drought",55.7459040049432,11.204331788288,17.5784288763043,12.7702637453312,0.281880719613552,3.70086124072149,NA,NA,NA,NA,NA,NA,NA,NA,NA,NA,NA,NA,NA,NA,NA,NA
2014-04-17,"ambient","watered",71.9445649688604,12.917577010957,19.2941462569727,14.2219582157001,1.81426024885785,3.32479114955184,NA,NA,NA,NA,NA,NA,NA,NA,NA,NA,NA,NA,NA,NA,NA,NA
2014-04-17,"elevated","drought",51.8201694454393,12.1217936012215,21.0296515676141,13.8682628743698,2.08676489331525,3.45744640883544,NA,NA,NA,NA,NA,NA,NA,NA,NA,NA,NA,NA,NA,NA,NA,NA
2014-04-17,"elevated","watered",60.899923410632,14.9147586312847,23.0113035722299,13.1106175107966,2.67879383838462,3.67400928102993,NA,NA,NA,NA,NA,NA,NA,NA,NA,NA,NA,NA,NA,NA,NA,NA
2014-04-18,"ambient","drought",56.0671197932738,11.977632499994,17.6297177754,13.0242736994592,0.41397682558067,3.6895807011181,NA,NA,NA,NA,NA,NA,NA,NA,NA,NA,NA,NA,NA,NA,NA,NA
2014-04-18,"ambient","watered",72.3915296286794,13.9781892000849,19.3398664968569,13.7014813705215,2.00390012715523,3.35903986266457,NA,NA,NA,NA,NA,NA,NA,NA,NA,NA,NA,NA,NA,NA,NA,NA
2014-04-18,"elevated","drought",53.7851841631092,12.755409611282,21.0288693750606,14.0212603276858,2.30216029906464,3.45567444720324,NA,NA,NA,NA,NA,NA,NA,NA,NA,NA,NA,NA,NA,NA,NA,NA
2014-04-18,"elevated","watered",62.5919131944429,16.2415820007696,23.0244595413413,13.6025187790456,3.06503712999842,3.70012929152497,NA,NA,NA,NA,NA,NA,NA,NA,NA,NA,NA,NA,NA,NA,NA,NA
2014-04-19,"ambient","drought",53.7777721008352,10.5906378223265,17.6811542988864,12.4538566064376,0.385643397659705,3.67843704802979,NA,NA,NA,NA,NA,NA,NA,NA,NA,NA,NA,NA,NA,NA,NA,NA
2014-04-19,"ambient","watered",69.942234587579,12.2852312019821,19.3857534605237,12.8389735281028,1.75885358741246,3.39330700388214,NA,NA,NA,NA,NA,NA,NA,NA,NA,NA,NA,NA,NA,NA,NA,NA
2014-04-19,"elevated","drought",52.8411441590576,11.4538421540411,21.0280364471192,13.6914908491848,2.07712629929854,3.4538543420812,NA,NA,NA,NA,NA,NA,NA,NA,NA,NA,NA,NA,NA,NA,NA,NA
2014-04-19,"elevated","watered",61.7034056677737,14.6514026472962,23.0358578512032,13.4170233999661,2.69014300040332,3.72761033539957,NA,NA,NA,NA,NA,NA,NA,NA,NA,NA,NA,NA,NA,NA,NA,NA
2014-04-20,"ambient","drought",52.7280509226013,10.8728952070036,17.7327384826539,11.3830050166549,0.252825711890893,3.66743586850068,NA,NA,NA,NA,NA,NA,NA,NA,NA,NA,NA,NA,NA,NA,NA,NA
2014-04-20,"ambient","watered",69.0557282831687,12.4857144358334,19.4318072478919,12.5030139715318,1.90296856409789,3.42759291345356,NA,NA,NA,NA,NA,NA,NA,NA,NA,NA,NA,NA,NA,NA,NA,NA
2014-04-20,"elevated","drought",52.5742937965608,11.8833835429169,21.0271528344163,13.6792909038685,2.11111103352122,3.45198631728265,NA,NA,NA,NA,NA,NA,NA,NA,NA,NA,NA,NA,NA,NA,NA,NA
2014-04-20,"elevated","watered",62.083776789279,15.344154097733,23.0454985486971,12.8825865446688,2.78003996830558,3.75645915269296,NA,NA,NA,NA,NA,NA,NA,NA,NA,NA,NA,NA,NA,NA,NA,NA
2014-04-21,"ambient","drought",52.9412126522658,10.3897757483116,17.7844703624869,11.7082625819331,0.22900529503439,3.65658283976926,NA,NA,NA,NA,NA,NA,NA,NA,NA,NA,NA,NA,NA,NA,NA,NA
2014-04-21,"ambient","watered",59.2769572774386,11.4762273404674,19.4780279587795,11.4415623954985,1.82480136525606,3.4618979331796,NA,NA,NA,NA,NA,NA,NA,NA,NA,NA,NA,NA,NA,NA,NA,NA
2014-04-21,"elevated","drought",53.1263744214487,11.6187079857515,21.0262185872665,13.4875650796215,1.90189663330189,3.450070609074,NA,NA,NA,NA,NA,NA,NA,NA,NA,NA,NA,NA,NA,NA,NA,NA
2014-04-21,"elevated","watered",54.8483849450184,14.4650982892373,23.053381680438,13.2602160606457,2.67299851253303,3.78668254232333,NA,NA,NA,NA,NA,NA,NA,NA,NA,NA,NA,NA,NA,NA,NA,NA
2014-04-22,"ambient","drought",45.6316006181543,10.2258240446173,17.8363499740643,10.4417930945104,0.964464583248317,3.64588372838145,NA,NA,NA,NA,NA,NA,NA,NA,NA,NA,NA,NA,NA,NA,NA,NA
2014-04-22,"ambient","watered",56.7126640258482,12.9665167452584,19.5244156929049,7.85526861872131,2.30249606515297,3.49622240632349,NA,NA,NA,NA,NA,NA,NA,NA,NA,NA,NA,NA,NA,NA,NA,NA
2014-04-22,"elevated","drought",45.9524059434062,10.3433681334557,21.025233755676,12.0814871195511,1.85534496418848,3.44810746625648,NA,NA,NA,NA,NA,NA,NA,NA,NA,NA,NA,NA,NA,NA,NA,NA
2014-04-22,"elevated","watered",56.1100868581573,13.8019109403684,23.0595072927772,12.3331914186328,3.11265389801624,3.81828733530445,NA,NA,NA,NA,NA,NA,NA,NA,NA,NA,NA,NA,NA,NA,NA,NA
2014-04-23,"ambient","drought",42.8331642662014,11.8368623876946,17.8883773529601,8.37530559349829,0.307665764218434,3.63534438914265,NA,NA,NA,NA,NA,NA,15.96864355552,6.7546056407306,NA,NA,NA,NA,NA,NA,NA,NA
2014-04-23,"ambient","watered",61.9970153364496,13.1670571469026,19.5709705498863,11.7804416841623,1.94824140567775,3.53056667752583,NA,NA,NA,NA,NA,NA,27.7732835552,4.04921825026099,NA,NA,NA,NA,NA,NA,NA,NA
2014-04-23,"elevated","drought",44.762882470708,13.3783815072803,21.0241983893447,11.015824122208,2.00981365011845,3.4460971502497,NA,NA,NA,NA,NA,NA,49.66268,22.5503710649309,NA,NA,NA,NA,NA,NA,NA,NA
2014-04-23,"elevated","watered",63.1416779373559,16.8507227541683,23.0638754318046,7.81095537675007,2.94720481311296,3.85128036890475,NA,NA,NA,NA,NA,NA,79.9893817776,37.0665696038265,NA,NA,NA,NA,NA,NA,NA,NA
2014-04-24,"ambient","drought",43.5063551931132,16.5973223761741,17.9405525346445,8.36994525384952,0.718363088076951,3.62497076390198,NA,NA,NA,NA,NA,NA,NA,NA,NA,NA,NA,NA,NA,NA,NA,NA
2014-04-24,"ambient","watered",53.1667913604658,18.8635594074453,19.6176926292428,11.2505347083038,2.60243330427364,3.56493109272457,NA,NA,NA,NA,NA,NA,NA,NA,NA,NA,NA,NA,NA,NA,NA,NA
2014-04-24,"elevated","drought",41.8297926443095,17.6440882679741,21.0231125376695,11.5005875869377,3.14564375131404,3.44403993517848,NA,NA,NA,NA,NA,NA,NA,NA,NA,NA,NA,NA,NA,NA,NA,NA
2014-04-24,"elevated","watered",51.4539415181078,23.1125232900254,23.0664861433512,10.9278119502967,4.97041779672713,3.88566846188756,NA,NA,NA,NA,NA,NA,NA,NA,NA,NA,NA,NA,NA,NA,NA,NA
2014-04-25,"ambient","drought",30.7734312500165,12.9280968392171,17.9928755544841,6.02530091080413,0.218262760764946,3.61476888016069,NA,NA,NA,NA,NA,NA,NA,NA,NA,NA,NA,NA,NA,NA,NA,NA
2014-04-25,"ambient","watered",37.354325281618,14.6150995750965,19.6645820303938,6.20791249405382,2.03681577897287,3.59931599907875,NA,NA,NA,NA,NA,NA,NA,NA,NA,NA,NA,NA,NA,NA,NA,NA
2014-04-25,"elevated","drought",31.9198134577064,15.0881951194009,21.0219762497463,7.40971215397124,2.14752554910556,3.44193610796165,NA,NA,NA,NA,NA,NA,NA,NA,NA,NA,NA,NA,NA,NA,NA,NA
2014-04-25,"elevated","watered",41.4115530426317,17.4067477731032,23.0673394729916,4.9662143979031,4.20625164710911,3.92145839095673,NA,NA,NA,NA,NA,NA,NA,NA,NA,NA,NA,NA,NA,NA,NA,NA
2014-04-26,"ambient","drought",27.9405008633806,11.7532695732913,18.0453464477434,5.41198934779196,0.115383568469299,3.60474484949849,NA,NA,NA,NA,NA,NA,NA,NA,NA,NA,NA,NA,NA,NA,NA,NA
2014-04-26,"ambient","watered",33.0625923774582,13.5988993845754,19.7116388526601,5.17551180402564,1.97579294563739,3.63372174489635,NA,NA,NA,NA,NA,NA,NA,NA,NA,NA,NA,NA,NA,NA,NA,NA
2014-04-26,"elevated","drought",28.5247825415256,12.9956143341928,21.0207895743734,5.89065322709942,1.9533985335861,3.43978596840401,NA,NA,NA,NA,NA,NA,NA,NA,NA,NA,NA,NA,NA,NA,NA,NA
2014-04-26,"elevated","watered",30.5630542936144,15.4028671414582,23.0664354660461,6.97483638700204,3.29970341751024,3.95865686851171,NA,NA,NA,NA,NA,NA,NA,NA,NA,NA,NA,NA,NA,NA,NA,NA
2014-04-27,"ambient","drought",26.7656914828408,11.625207002982,18.0979652495843,5.84114223241673,0.420387618215155,3.59490486580948,NA,NA,NA,NA,NA,NA,NA,NA,NA,NA,NA,NA,NA,NA,NA,NA
2014-04-27,"ambient","watered",30.6023973481949,11.8216782773385,19.758863195264,4.95798508555417,2.20214486544108,3.66814867956585,NA,NA,NA,NA,NA,NA,NA,NA,NA,NA,NA,NA,NA,NA,NA,NA
2014-04-27,"elevated","drought",26.1486678885858,12.4802978911028,21.0195525600532,5.46155891915713,1.94463829659488,3.43758982929024,NA,NA,NA,NA,NA,NA,NA,NA,NA,NA,NA,NA,NA,NA,NA,NA
2014-04-27,"elevated","watered",33.1432101661225,15.08308106807,23.0637741675834,3.99905703552304,3.2712099523868,3.99727052180121,NA,NA,NA,NA,NA,NA,NA,NA,NA,NA,NA,NA,NA,NA,NA,NA
2014-04-28,"ambient","drought",43.6117017893767,10.9710656470532,18.150731995068,9.18765528506509,0.489943681501937,3.58525520334176,NA,NA,NA,NA,NA,NA,NA,NA,NA,NA,NA,NA,NA,NA,NA,NA
2014-04-28,"ambient","watered",50.4687747775173,12.2790656026546,19.8062551573291,9.35643522281341,1.87182923185904,3.70259715349107,NA,NA,NA,NA,NA,NA,NA,NA,NA,NA,NA,NA,NA,NA,NA,NA
2014-04-28,"elevated","drought",43.956775722053,12.7291777758946,21.0182652549955,9.73025110454338,1.92757176300474,3.43534801648191,NA,NA,NA,NA,NA,NA,NA,NA,NA,NA,NA,NA,NA,NA,NA,NA
2014-04-28,"elevated","watered",48.4668100162036,15.2030992803344,23.0593556224226,10.4535248410315,3.00475280352331,4.03730587354351,NA,NA,NA,NA,NA,NA,NA,NA,NA,NA,NA,NA,NA,NA,NA,NA
2014-04-29,"ambient","drought",52.0596763404323,13.6687769858221,18.2036467191548,10.7493384064215,0.992319642024999,3.57580221453345,NA,NA,1194.13410633636,2699.75841388662,312.199958136495,268.721239887508,NA,NA,NA,NA,NA,NA,NA,NA,NA,NA
2014-04-29,"ambient","watered",61.6551565375848,15.5575286591732,19.8538148378814,10.7994106689362,2.55779794774505,3.73706751802932,NA,NA,1391.42780590465,3483.62960399152,326.736163953584,329.222755916685,NA,NA,NA,NA,NA,NA,NA,NA,NA,NA
2014-04-29,"elevated","drought",49.7365409304659,14.8351048288282,21.0169277071194,11.8428149980167,2.52301578627905,3.43306086901685,NA,NA,1345.71457507678,3613.7741355395,203.268918521038,663.338495679707,NA,NA,NA,NA,NA,NA,NA,NA,NA,NA
2014-04-29,"elevated","watered",58.2168573213549,18.9944138472041,23.0531798751354,12.7374575326473,4.03030907550231,4.07876932406786,NA,NA,1429.2527755671,4112.17733227739,354.974703682595,699.624074265206,NA,NA,NA,NA,NA,NA,NA,NA,NA,NA
2014-04-30,"ambient","drought",30.7907678504408,9.96454546394929,18.2377552444614,7.43137999773012,0.381947530690295,3.58454528969696,NA,NA,NA,NA,NA,NA,NA,NA,NA,NA,NA,NA,NA,NA,NA,NA
2014-04-30,"ambient","watered",39.7789539033936,10.9694269177145,19.9094084101028,5.85339104918862,1.47946848078241,3.77655031145931,NA,NA,NA,NA,NA,NA,NA,NA,NA,NA,NA,NA,NA,NA,NA,NA
2014-04-30,"elevated","drought",33.0642854995008,11.0995729999497,21.0159696362483,8.48491678051147,1.9565153362634,3.42894485544262,NA,NA,NA,NA,NA,NA,NA,NA,NA,NA,NA,NA,NA,NA,NA,NA
2014-04-30,"elevated","watered",37.3424833466325,13.6476136003556,23.0171213657047,8.98585138157294,2.57322543555175,4.11131935944272,NA,NA,NA,NA,NA,NA,NA,NA,NA,NA,NA,NA,NA,NA,NA,NA
2014-05-01,"ambient","drought",50.8630859007976,8.81114047248132,18.2716329970115,11.1619224988571,0.261949632660725,3.5932781494923,NA,NA,NA,NA,NA,NA,NA,NA,NA,NA,NA,NA,NA,NA,NA,NA
2014-05-01,"ambient","watered",63.7000983185294,9.82214417119368,19.9652049960212,12.0519994619019,1.4813628895647,3.81604103070986,NA,NA,NA,NA,NA,NA,NA,NA,NA,NA,NA,NA,NA,NA,NA,NA
2014-05-01,"elevated","drought",53.0047737431288,10.1313337413309,21.0148570461286,13.4675829271519,1.65923341485026,3.42491883491779,NA,NA,NA,NA,NA,NA,NA,NA,NA,NA,NA,NA,NA,NA,NA,NA
2014-05-01,"elevated","watered",61.0146271362048,12.4930620631821,22.9816066503347,14.6426293269345,2.12129572606904,4.14333376461568,NA,NA,NA,NA,NA,NA,NA,NA,NA,NA,NA,NA,NA,NA,NA,NA
2014-05-02,"ambient","drought",38.3997167655501,9.40494900930602,18.3052799754586,8.34403212332143,0.528062290835406,3.60200059202637,NA,NA,NA,NA,NA,NA,NA,NA,NA,NA,NA,NA,NA,NA,NA,NA
2014-05-02,"ambient","watered",46.1599582862013,10.5174462295803,20.0212047491387,8.08827402508393,1.68231363849215,3.85553973442141,NA,NA,NA,NA,NA,NA,NA,NA,NA,NA,NA,NA,NA,NA,NA,NA
2014-05-02,"elevated","drought",40.4521336986151,10.8224765397499,21.0135899991672,9.68376194792693,1.71076948474809,3.42098335512813,NA,NA,NA,NA,NA,NA,NA,NA,NA,NA,NA,NA,NA,NA,NA,NA
2014-05-02,"elevated","watered",47.3948977863522,13.2143190687986,22.9466357286892,10.5631091767489,2.61031900001817,4.1747983523037,NA,NA,NA,NA,NA,NA,NA,NA,NA,NA,NA,NA,NA,NA,NA,NA
2014-05-03,"ambient","drought",34.8621385743221,8.78701214855942,18.3386961784665,7.54364554386078,0.624374403708931,3.61071245683235,NA,NA,NA,NA,NA,NA,NA,NA,NA,NA,NA,NA,NA,NA,NA,NA
2014-05-03,"ambient","watered",42.3370582785302,9.98221707910178,20.0774078228032,6.79627190966965,1.33592428224098,3.89504650330853,NA,NA,NA,NA,NA,NA,NA,NA,NA,NA,NA,NA,NA,NA,NA,NA
2014-05-03,"elevated","drought",36.5210486415447,9.14735992509794,21.0121685573736,7.86194827581657,1.69107002773277,3.41713912106797,NA,NA,NA,NA,NA,NA,NA,NA,NA,NA,NA,NA,NA,NA,NA,NA
2014-05-03,"elevated","watered",41.0210183328207,11.1691526586379,22.9122086004329,8.07025984921324,2.47717555943093,4.2056998039394,NA,NA,NA,NA,NA,NA,NA,NA,NA,NA,NA,NA,NA,NA,NA,NA
2014-05-04,"ambient","drought",50.0806456326964,8.65310333826166,18.3718816047086,8.84865776718497,0.514756269351521,3.61941362436384,NA,NA,NA,NA,NA,NA,NA,NA,NA,NA,NA,NA,NA,NA,NA,NA
2014-05-04,"ambient","watered",60.6261705341851,9.26728884964493,20.1338143702095,11.3105625627361,1.36289241592371,3.93456143904209,NA,NA,NA,NA,NA,NA,NA,NA,NA,NA,NA,NA,NA,NA,NA,NA
2014-05-04,"elevated","drought",53.341708323248,9.22847350264479,21.0105927823633,12.1346352379602,1.69999886239438,3.4133869957537,NA,NA,NA,NA,NA,NA,NA,NA,NA,NA,NA,NA,NA,NA,NA,NA
2014-05-04,"elevated","watered",59.9014268309921,11.1405813822755,22.878325265231,13.403790156402,2.21247560536129,4.23602561992591,NA,NA,NA,NA,NA,NA,NA,NA,NA,NA,NA,NA,NA,NA,NA,NA
2014-05-05,"ambient","drought",48.2889076698217,8.17089190805804,18.4048362528684,9.17672475860666,0.396383533247715,3.62810401549803,NA,NA,NA,NA,NA,NA,NA,NA,NA,NA,NA,NA,NA,NA,NA,NA
2014-05-05,"ambient","watered",59.7577176729433,8.72213282506833,20.190424544399,10.4852742744496,1.36994071693892,3.97408466319737,NA,NA,NA,NA,NA,NA,NA,NA,NA,NA,NA,NA,NA,NA,NA,NA
2014-05-05,"elevated","drought",51.5547917976431,9.03049694275849,21.0088627353615,11.6650738606485,1.51358378153588,3.40972800087602,NA,NA,NA,NA,NA,NA,NA,NA,NA,NA,NA,NA,NA,NA,NA,NA
2014-05-05,"elevated","watered",59.4103881244248,10.4753802653617,22.8449857227498,14.2035353470416,2.13932097107215,4.26576407330226,NA,NA,NA,NA,NA,NA,NA,NA,NA,NA,NA,NA,NA,NA,NA,NA
2014-05-06,"ambient","drought",43.6147964264597,9.6015086138002,18.4375601216386,7.38605080197339,0.545578006265935,3.63678359104812,NA,NA,NA,NA,NA,NA,21.03320355552,7.28456822939221,NA,NA,NA,NA,NA,NA,NA,NA
2014-05-06,"ambient","watered",54.2079774422875,10.2345361885479,20.2472384982611,8.84747925629275,1.41616566435284,4.01361631626388,NA,NA,NA,NA,NA,NA,32.8956035552,5.20906365784993,NA,NA,NA,NA,NA,NA,NA,NA
2014-05-06,"elevated","drought",46.2549840936026,10.5645172842442,21.0069784772066,9.8058793542348,2.01865752506496,3.40616331739013,NA,NA,NA,NA,NA,NA,62.93332,32.0978249218718,NA,NA,NA,NA,NA,NA,NA,NA
2014-05-06,"elevated","watered",53.9795981853473,12.4809027607798,22.8121899726563,11.3817594586254,2.63387459756618,4.29490416659986,NA,NA,NA,NA,NA,NA,110.4183417776,53.4093333224155,NA,NA,NA,NA,NA,NA,NA,NA
2014-05-07,"ambient","drought",45.4940111060216,10.0240991052717,18.4700532097221,9.91775133032301,0.446807018536653,3.64545235128371,NA,NA,NA,NA,NA,NA,NA,NA,NA,NA,NA,NA,NA,NA,NA,NA
2014-05-07,"ambient","watered",50.7050417261047,12.3973297124401,20.3042563845328,5.39931508978195,1.52954059220497,4.05315655671235,NA,NA,NA,NA,NA,NA,NA,NA,304.732130971566,32.2815709412519,125.756821881435,13.3219551019079,62.6505124122532,6.63683529037064,116.324796677878,12.3227805489734
2014-05-07,"elevated","drought",50.7322310930758,11.0489246136743,21.0049400683536,10.9180579844527,1.81610513152764,3.40269428604047,NA,NA,NA,NA,NA,NA,NA,NA,NA,NA,NA,NA,NA,NA,NA,NA
2014-05-07,"elevated","watered",56.8145180282441,13.2457640836117,22.7799380146183,13.5144708022997,2.92599409309577,4.32343559168361,NA,NA,NA,NA,NA,NA,NA,NA,NA,NA,NA,NA,NA,NA,NA,NA
2014-05-08,"ambient","drought",43.3336898376041,10.5189863573527,18.5023155158312,8.16700655686364,0.388187947864206,3.65411033546063,NA,NA,NA,NA,NA,NA,NA,NA,NA,NA,NA,NA,NA,NA,NA,NA
2014-05-08,"ambient","watered",50.3829845045037,10.6804166393979,20.3614783557994,8.2546115157559,1.69098870728922,4.09270556011547,NA,NA,NA,NA,NA,NA,NA,NA,NA,NA,NA,NA,NA,NA,NA,NA
2014-05-08,"elevated","drought",47.3788449196524,11.7934359262622,21.0027475688774,9.67941982989396,1.7712792691207,3.3993224078175,NA,NA,NA,NA,NA,NA,NA,NA,NA,NA,NA,NA,NA,NA,NA,NA
2014-05-08,"elevated","watered",54.1874917462214,13.5045799889658,22.7482298483045,12.9235352505375,2.7665929949978,4.35134869238224,NA,NA,NA,NA,NA,NA,NA,NA,NA,NA,NA,NA,NA,NA,NA,NA
2014-05-09,"ambient","drought",43.5379293628542,10.7305328426725,18.5343470386876,8.04311946291342,0.271492616125823,3.66275762135855,NA,NA,NA,NA,NA,NA,NA,NA,NA,NA,NA,NA,NA,NA,NA,NA
2014-05-09,"ambient","watered",46.6058839543542,10.5875662131069,20.4189045644955,6.41714863700872,1.26061352704935,4.13226351831861,NA,NA,NA,NA,NA,NA,NA,NA,224.457146266258,26.0472083164615,92.1179070149525,10.6898548502824,46.1203057616265,5.35204706900692,86.218933489679,10.0053063971722
2014-05-09,"elevated","drought",47.4330553915005,12.7634182390277,21.0004010384767,9.07161215227669,2.1436733694365,3.39604934434392,NA,NA,NA,NA,NA,NA,NA,NA,NA,NA,NA,NA,NA,NA,NA,NA
2014-05-09,"elevated","watered",51.0514101309434,14.7416885358444,22.7170654733842,12.2092484520392,2.60777432304495,4.37863442972588,NA,NA,NA,NA,NA,NA,NA,NA,NA,NA,NA,NA,NA,NA,NA,NA
2014-05-10,"ambient","drought",38.2155862922269,11.7762316391783,18.5661477770229,7.1930870501949,0.73040292214338,3.67139432482726,NA,NA,NA,NA,NA,NA,NA,NA,NA,NA,NA,NA,NA,NA,NA,NA
2014-05-10,"ambient","watered",43.6991600495879,12.2675258822197,20.4765351629045,6.14673943023513,1.64940021540191,4.17183063865684,NA,NA,NA,NA,NA,NA,NA,NA,NA,NA,NA,NA,NA,NA,NA,NA
2014-05-10,"elevated","drought",42.187591009839,13.2999322092756,20.9979005364767,7.75000365878121,2.05195193836793,3.39287691818623,NA,NA,NA,NA,NA,NA,NA,NA,NA,NA,NA,NA,NA,NA,NA,NA
2014-05-10,"elevated","watered",46.8459565876876,15.7336611717954,22.6864448895276,9.79916736180392,3.25543804503259,4.40528434961992,NA,NA,NA,NA,NA,NA,NA,NA,NA,NA,NA,NA,NA,NA,NA,NA
2014-05-11,"ambient","drought",43.2607967375142,13.0503400378336,18.5977177295776,8.33717387239705,0.421855970775832,3.68002059934061,NA,NA,NA,NA,NA,NA,NA,NA,NA,NA,NA,NA,NA,NA,NA,NA
2014-05-11,"ambient","watered",48.5726490902369,13.4315043077849,20.5343703031599,7.45943616025039,1.82810739859169,4.21140714321594,NA,NA,NA,NA,NA,NA,NA,NA,NA,NA,NA,NA,NA,NA,NA,NA
2014-05-11,"elevated","drought",45.6197423369228,15.3472498470638,20.9952461218326,9.57022283160186,2.09324214085261,3.38980711308946,NA,NA,NA,NA,NA,NA,NA,NA,NA,NA,NA,NA,NA,NA,NA,NA
2014-05-11,"elevated","watered",50.7223378335936,17.4331643491053,22.6563680964057,12.0313898711113,3.23188177084713,4.43129055279478,NA,NA,NA,NA,NA,NA,NA,NA,NA,NA,NA,NA,NA,NA,NA,NA
2014-05-12,"ambient","drought",41.5234657265872,12.1258205992117,18.6290568951021,8.23357248058918,0.396779567223531,3.68863663555859,NA,NA,NA,NA,NA,NA,NA,NA,NA,NA,NA,NA,NA,NA,NA,NA
2014-05-12,"ambient","watered",40.7249126823512,12.7247712494444,20.5924101372451,4.92747863882446,1.62629616199952,4.2509932681341,NA,NA,NA,NA,NA,NA,NA,NA,238.039989910515,29.8490944291552,96.8793953363727,12.1482202243494,48.8693927139673,6.12799184860933,92.2912018601746,11.5728823561965
2014-05-12,"elevated","drought",42.3509836472919,14.4448974133019,20.9924378531332,10.2905182275586,1.90326357389999,3.3868420741298,NA,NA,NA,NA,NA,NA,NA,NA,NA,NA,NA,NA,NA,NA,NA,NA
2014-05-12,"elevated","watered",49.2181776471163,16.1787338108631,22.6268350936904,10.4863027340092,2.9850849567018,4.45664566688352,NA,NA,NA,NA,NA,NA,NA,NA,NA,NA,NA,NA,NA,NA,NA,NA
2014-05-13,"ambient","drought",43.9772773219529,10.4095377831606,17.2877208106636,7.79828833324442,0.254144329390653,3.33213413699262,NA,NA,1132.62426827491,2875.81060538,289.60600768991,267.477600691995,NA,NA,NA,NA,NA,NA,NA,NA,NA,NA
2014-05-13,"ambient","watered",49.0286600885504,11.7658220817977,19.1930326623692,7.64121306522793,1.22739162448092,4.10940885662043,NA,NA,1348.35923091114,3676.25928719997,349.355381583659,345.394073673408,NA,NA,NA,NA,NA,NA,NA,NA,NA,NA
2014-05-13,"elevated","drought",47.2884637996297,12.3056323482964,20.6719250963366,8.43369191704235,1.53024798628167,3.39625155998063,NA,NA,1323.75215519222,3842.97545773737,201.531590055072,695.989191671096,NA,NA,NA,NA,NA,NA,NA,NA,NA,NA
2014-05-13,"elevated","watered",51.7326315031099,14.6459639247945,22.4007215220135,11.3352129062542,2.50782049068227,4.44378741688602,NA,NA,1389.75990420456,4351.67278383239,368.39000845503,761.291396093933,NA,NA,NA,NA,NA,NA,NA,NA,NA,NA
2014-05-14,"ambient","drought",45.6247589699187,10.540348435707,17.3302666084942,8.70856852575595,0.256695467922109,3.33350110316134,NA,NA,NA,NA,NA,NA,NA,NA,NA,NA,NA,NA,NA,NA,NA,NA
2014-05-14,"ambient","watered",53.825242304041,10.6488580719636,19.2558185412667,9.12882111296452,1.39764760596002,4.10345880008511,NA,NA,NA,NA,NA,NA,NA,NA,NA,NA,NA,NA,NA,NA,NA,NA
2014-05-14,"elevated","drought",43.0754098620889,12.7111803203297,20.6639467447962,4.78127640788422,1.67207916384755,3.3949391046741,NA,NA,NA,NA,NA,NA,NA,NA,NA,NA,NA,NA,NA,NA,NA,NA
2014-05-14,"elevated","watered",53.2655359819407,14.8436585666852,22.3801492112022,13.4751694834708,2.40823905059032,4.47104821481349,NA,NA,NA,NA,NA,NA,NA,NA,NA,NA,NA,NA,NA,NA,NA,NA
2014-05-15,"ambient","drought",46.0339942520505,10.6231113589817,17.3728476446175,6.41994809518534,0.0983507900207806,3.33494029269619,NA,NA,NA,NA,NA,NA,NA,NA,NA,NA,NA,NA,NA,NA,NA,NA
2014-05-15,"ambient","watered",42.2629028544002,12.555877680618,19.318461419855,8.02140657785671,2.01388683289199,4.09764429487545,NA,NA,NA,NA,NA,NA,NA,NA,NA,NA,NA,NA,NA,NA,NA,NA
2014-05-15,"elevated","drought",52.4473183330296,13.6659837862782,20.6562535737256,9.31219847846191,1.70457564582961,3.39324963437361,NA,NA,NA,NA,NA,NA,NA,NA,NA,NA,NA,NA,NA,NA,NA,NA
2014-05-15,"elevated","watered",51.5522277941565,15.1770353178796,22.3594802040597,9.83462196677001,2.53969509141473,4.49872476412379,NA,NA,NA,NA,NA,NA,NA,NA,NA,NA,NA,NA,NA,NA,NA,NA
2014-05-16,"ambient","drought",44.7158181872539,11.1807362199236,17.4154639371252,6.68168074787009,0.236078816142674,3.33645336192274,NA,NA,NA,NA,NA,NA,NA,NA,NA,NA,NA,NA,NA,NA,NA,NA
2014-05-16,"ambient","watered",48.169352737244,11.1169919694595,19.3809614596104,8.86779961383119,1.66678638637226,4.09196761777315,NA,NA,NA,NA,NA,NA,NA,NA,NA,NA,NA,NA,NA,NA,NA,NA
2014-05-16,"elevated","drought",47.0048554095583,14.1844485793704,20.6488455991313,8.52948483998428,1.6328144606676,3.39117771213172,NA,NA,NA,NA,NA,NA,NA,NA,NA,NA,NA,NA,NA,NA,NA,NA
2014-05-16,"elevated","watered",51.0879034574543,15.5072222975371,22.3387144981538,11.6171343664554,2.69284732090536,4.52682049509354,NA,NA,NA,NA,NA,NA,NA,NA,NA,NA,NA,NA,NA,NA,NA,NA
2014-05-17,"ambient","drought",44.0958055482785,11.3821353883927,17.4581155040729,7.57198619355513,0.124767043932626,3.33804197105241,NA,NA,NA,NA,NA,NA,NA,NA,NA,NA,NA,NA,NA,NA,NA,NA
2014-05-17,"ambient","watered",50.4729879912338,11.2695036959712,19.443318821589,9.02230582584175,1.6313813373359,4.08643107243643,NA,NA,NA,NA,NA,NA,NA,NA,NA,NA,NA,NA,NA,NA,NA,NA
2014-05-17,"elevated","drought",48.3445853398351,14.6655563583224,20.6417228369499,8.38930757442294,1.9072692756937,3.38871844360447,NA,NA,NA,NA,NA,NA,NA,NA,NA,NA,NA,NA,NA,NA,NA,NA
2014-05-17,"elevated","watered",51.1935818370544,16.7295191360812,22.3178520910619,11.7412014100064,2.81923434886434,4.55533879020307,NA,NA,NA,NA,NA,NA,NA,NA,NA,NA,NA,NA,NA,NA,NA,NA
2014-05-18,"ambient","drought",40.5256049295387,12.0538760816933,17.5008023634797,7.20369874697559,0.279375108713624,3.33970778380682,NA,NA,NA,NA,NA,NA,NA,NA,NA,NA,NA,NA,NA,NA,NA,NA
2014-05-18,"ambient","watered",47.4316067500876,11.7787030336523,19.5055336664291,8.45680292759559,1.83734108587064,4.08103698880677,NA,NA,NA,NA,NA,NA,NA,NA,NA,NA,NA,NA,NA,NA,NA,NA
2014-05-18,"elevated","drought",45.7198490492982,15.555514683481,20.6348853030478,7.47632443820132,1.73516287151349,3.3858674731502,NA,NA,NA,NA,NA,NA,NA,NA,NA,NA,NA,NA,NA,NA,NA,NA
2014-05-18,"elevated","watered",48.2459043375514,16.9045389045032,22.2968929803707,10.0457366624049,2.98850772663525,4.58428298249365,NA,NA,NA,NA,NA,NA,NA,NA,NA,NA,NA,NA,NA,NA,NA,NA
2014-05-19,"ambient","drought",35.7080031675174,12.9983500022769,17.5435245333286,3.93650665114807,0.0940179006137299,3.34145246703414,NA,NA,NA,NA,NA,NA,NA,NA,NA,NA,NA,NA,NA,NA,NA,NA
2014-05-19,"ambient","watered",41.5662504215367,13.4175678036285,19.5676061543542,7.26136778723883,1.75295149607491,4.07578772248418,NA,NA,NA,NA,NA,NA,NA,NA,NA,NA,NA,NA,NA,NA,NA,NA
2014-05-19,"elevated","drought",40.4692252931732,16.5231884058153,20.6283330132223,5.96375964942293,2.00080704150227,3.38262098077408,NA,NA,NA,NA,NA,NA,NA,NA,NA,NA,NA,NA,NA,NA,NA,NA
2014-05-19,"elevated","watered",46.7383335517797,18.4992056229735,22.2758371636765,9.81561229455478,3.41316416196331,4.61365635402884,NA,NA,NA,NA,NA,NA,NA,NA,NA,NA,NA,NA,NA,NA,NA,NA
2014-05-20,"ambient","drought",34.9137920294056,13.9141409766593,17.5862820315665,4.37216489740736,0.26246487907865,3.34327769031724,NA,NA,NA,NA,NA,NA,NA,NA,NA,NA,NA,NA,NA,NA,NA,NA
2014-05-20,"ambient","watered",43.2398101920928,14.5769925116938,19.629536445176,7.4967922083902,1.90706506748501,4.07068565407059,NA,NA,NA,NA,NA,NA,NA,NA,NA,NA,NA,NA,NA,NA,NA,NA
2014-05-20,"elevated","drought",41.8193706897096,16.7357046695153,20.6220659832017,6.58416013489316,2.08437422531976,3.37897567993962,NA,NA,NA,NA,NA,NA,NA,NA,NA,NA,NA,NA,NA,NA,NA,NA
2014-05-20,"elevated","watered",45.3079737906637,18.8140360471001,22.2546846385851,10.1228757460307,3.79993614267459,4.64346213445923,NA,NA,NA,NA,NA,NA,NA,NA,NA,NA,NA,NA,NA,NA,NA,NA
2014-05-21,"ambient","drought",31.2603192342716,12.7206094243819,17.6290748761047,2.43366577637334,0.262194791701594,3.34518512557323,NA,NA,NA,NA,NA,NA,27.12768355552,8.8437653443601,NA,NA,NA,NA,NA,NA,NA,NA
2014-05-21,"ambient","watered",39.6606490338151,13.3407954658122,19.6913246982972,7.99405957644129,1.87338069421685,4.06573318848088,NA,NA,NA,NA,NA,NA,42.3281635552,4.39478856818153,NA,NA,NA,NA,NA,NA,NA,NA
2014-05-21,"elevated","drought",40.8125808564507,15.980663898191,20.6160842286457,6.15604704495804,1.92645984334236,3.37492881626792,NA,NA,NA,NA,NA,NA,73.56396,31.5156073702243,NA,NA,NA,NA,NA,NA,NA,NA
2014-05-21,"elevated","watered",47.0477547673698,17.8350173192315,22.2334354027114,12.2542257640363,3.25575731598251,4.6737034996909,NA,NA,NA,NA,NA,NA,144.8767417776,76.2396766757509,NA,NA,NA,NA,NA,NA,NA,NA
2014-05-22,"ambient","drought",30.7883589631021,11.2004936256936,17.6719030848187,1.88425991398692,0.108031728150258,3.34717644664577,NA,NA,NA,NA,NA,NA,NA,NA,NA,NA,NA,NA,NA,NA,NA,NA
2014-05-22,"ambient","watered",37.5226987833569,11.7465028641011,19.7529710727146,6.74896099864649,1.37211240110131,4.06093275422197,NA,NA,NA,NA,NA,NA,NA,NA,NA,NA,NA,NA,NA,NA,NA,NA
2014-05-22,"elevated","drought",41.1641302204034,13.0250946518371,20.6103877651463,5.67830492785828,1.78142540771757,3.37047816714599,NA,NA,NA,NA,NA,NA,NA,NA,NA,NA,NA,NA,NA,NA,NA,NA
2014-05-22,"elevated","watered",47.1389230775331,15.1663646254397,22.2120894536799,11.8086292571128,2.81408988000664,4.70438357065606,NA,NA,NA,NA,NA,NA,NA,NA,NA,NA,NA,NA,NA,NA,NA,NA
2014-05-23,"ambient","drought",27.2586898838406,14.2016497947728,17.7147666755484,2.0702101177032,0.495653394084349,3.34925332888889,NA,NA,NA,NA,NA,NA,NA,NA,NA,NA,NA,NA,NA,NA,NA,NA
2014-05-23,"ambient","watered",32.4497059211613,15.3963864238632,19.8144757270212,4.81455623083019,2.31052639215294,4.05628680263831,NA,NA,NA,NA,NA,NA,NA,NA,NA,NA,NA,NA,NA,NA,NA,NA
2014-05-23,"elevated","drought",37.6803776430517,16.5921801227559,20.6049766082276,4.64654028204047,2.37218257881752,3.36562204226498,NA,NA,NA,NA,NA,NA,NA,NA,NA,NA,NA,NA,NA,NA,NA,NA
2014-05-23,"elevated","watered",43.7169485537828,19.0406987183352,22.1906467891241,10.5936443975184,4.32861271986404,4.73550541218549,NA,NA,NA,NA,NA,NA,NA,NA,NA,NA,NA,NA,NA,NA,NA,NA
2014-05-24,"ambient","drought",21.5927744911886,15.1715586375932,17.7576656660985,0.976867169188515,0.428240269318307,3.35141744874432,NA,NA,NA,NA,NA,NA,NA,NA,NA,NA,NA,NA,NA,NA,NA,NA
2014-05-24,"ambient","watered",26.0877995630088,16.9849008701639,19.8758388194096,4.46951795579968,2.55861163000844,4.05179780712545,NA,NA,NA,NA,NA,NA,NA,NA,NA,NA,NA,NA,NA,NA,NA,NA
2014-05-24,"elevated","drought",30.2398157287946,18.8123938084774,20.5998507733463,3.40045453300955,2.34975745105658,3.36035928510983,NA,NA,NA,NA,NA,NA,NA,NA,NA,NA,NA,NA,NA,NA,NA,NA
2014-05-24,"elevated","watered",35.7144494335359,21.175873303144,22.1691074066867,8.572721899066,4.50648662624274,4.76707203198182,NA,NA,NA,NA,NA,NA,NA,NA,NA,NA,NA,NA,NA,NA,NA,NA
2014-05-25,"ambient","drought",24.441923669643,12.2371028293419,17.8006000742383,2.15238040529274,0.370620057379063,3.3536704833104,NA,NA,NA,NA,NA,NA,NA,NA,NA,NA,NA,NA,NA,NA,NA,NA
2014-05-25,"ambient","watered",30.2094649158959,13.7200419350302,19.9370605076747,4.16948808343922,2.12840513160161,4.04746826231006,NA,NA,NA,NA,NA,NA,NA,NA,NA,NA,NA,NA,NA,NA,NA,NA
2014-05-25,"elevated","drought",31.9879980739354,15.5089243211386,20.5950102758929,4.22839341154976,1.81055062910276,3.35468927542269,NA,NA,NA,NA,NA,NA,NA,NA,NA,NA,NA,NA,NA,NA,NA,NA
2014-05-25,"elevated","watered",34.7378334887024,17.2313250005196,22.1474713040198,7.21309478755131,3.61211533354154,4.79908637969171,NA,NA,NA,NA,NA,NA,NA,NA,NA,NA,NA,NA,NA,NA,NA,NA
2014-05-26,"ambient","drought",22.5303175583263,8.75940261554205,16.8337090106619,5.79265406385458,0.580986058685513,3.22592154897015,1231.6,230.35454940591,1102.7612031871,3144.32320300296,280.74978837699,244.624287817343,NA,NA,NA,NA,NA,NA,NA,NA,NA,NA
2014-05-26,"ambient","watered",33.6073023934901,9.99083906564222,19.0917385895183,1.684319125317,0.619542942593813,3.75649470949306,1340.816,157.405423845559,1338.27153205979,3970.04387993451,324.617423857961,338.103408044848,NA,NA,NA,NA,NA,NA,NA,NA,NA,NA
2014-05-26,"elevated","drought",35.9475837524266,10.7685866311947,19.8656346496182,5.7396479880737,2.49188506527324,3.22771905385597,1086.768,159.720736286808,1272.09571537083,4186.58794755686,191.157438106048,741.927994948134,NA,NA,NA,NA,NA,NA,NA,NA,NA,NA
2014-05-26,"elevated","watered",36.0357169105582,12.9211903549706,21.0763407134209,11.2087650699626,2.97044492926975,4.5916890756742,1130.304,196.760134498836,1306.09302497021,4680.93122831662,360.937490522159,829.353676739287,NA,NA,NA,NA,NA,NA,NA,NA,NA,NA
